"Path","Size","LastWrite","MD5"
"api\.env","281","19/09/2025 08:11:43","0FEDC01C33255F4F06F6336E0397000C"
"api\.env.example","310","20/09/2025 21:21:24","EECE9CD4F899DDD31886AA7775AE8B14"
"api\.env.test","146","23/09/2025 22:23:25","BBFF681B5AF576F23E9A512598815819"
"api\.eslintrc.cjs","1718","25/09/2025 17:46:48","ABC171EA5C3F6FFFF8B5C4392A38F28A"
"api\.gitignore","10","23/09/2025 10:00:42","0549BABC2213B12C788BFEB5C47CAB97"
"api\.lintstagedrc.json","86","23/09/2025 10:00:42","AE5152DAC33E63121991F8C57E89FC8D"
"api\.turbo\turbo-build.log","240","25/09/2025 02:26:14","B519E015ED0F5393E61455ABA2F3C645"
"api\.turbo\turbo-test.log","2237","25/09/2025 02:26:19","62F5794FFDB3361874CF60F3F91C0FA9"
"api\artifact\audit_report\audit-log.txt","121","24/09/2025 21:56:34","E76305F799F1C5DD4FD084D0D6CBD79E"
"api\coverage\base.css","5394","25/09/2025 17:23:59","899EA8483C28270CA7835460BDD4DA33"
"api\coverage\block-navigation.js","2655","25/09/2025 17:23:59","13C8DD65C9B9571B0B4960AEAF3FAB0A"
"api\coverage\favicon.png","445","25/09/2025 17:23:59","8C814A46F24208D0BC459BB2CF8B7B88"
"api\coverage\http\app.ts.html","7795","25/09/2025 17:23:59","6248CAF9EEBF7D86BA504736A586A07C"
"api\coverage\http\index.html","4412","25/09/2025 17:23:59","2980E364BC7EC7B7899545CF90A05CAB"
"api\coverage\index.html","5706","25/09/2025 17:23:59","D119D67F28BF4A003391A0DCC58FBFF6"
"api\coverage\lcov-report\base.css","5394","25/09/2025 17:23:59","899EA8483C28270CA7835460BDD4DA33"
"api\coverage\lcov-report\block-navigation.js","2655","25/09/2025 17:23:59","13C8DD65C9B9571B0B4960AEAF3FAB0A"
"api\coverage\lcov-report\favicon.png","445","25/09/2025 17:23:59","8C814A46F24208D0BC459BB2CF8B7B88"
"api\coverage\lcov-report\http\app.ts.html","7795","25/09/2025 17:23:59","B2270D509DFEB9CF7B4C9E1A0549A578"
"api\coverage\lcov-report\http\index.html","4412","25/09/2025 17:23:59","87D73D023B93D8F1D54CD04154CE15F7"
"api\coverage\lcov-report\index.html","5706","25/09/2025 17:23:59","9580696418E91222A76FD88E3E4E225B"
"api\coverage\lcov-report\middleware\auth.ts.html","6252","25/09/2025 17:23:59","C611936E74D9871D116CC01544FB31AC"
"api\coverage\lcov-report\middleware\index.html","4414","25/09/2025 17:23:59","BEBB3DB944A91D3301058C38D5111FA4"
"api\coverage\lcov-report\prettify.css","676","25/09/2025 17:23:59","31F0C9DA5AC09F2563CAB46EBC6E445A"
"api\coverage\lcov-report\prettify.js","17590","25/09/2025 17:23:59","6051903A2F7363EE232A01BD32F60B6A"
"api\coverage\lcov-report\sort-arrow-sprite.png","138","25/09/2025 17:23:59","FD08A5625D21E34B1D6D9C026F2728A9"
"api\coverage\lcov-report\sorter.js","6731","25/09/2025 17:23:59","E2F5129270684BF835820CA4433B4ABB"
"api\coverage\lcov-report\utils\index.html","4397","25/09/2025 17:23:59","6A7A62C21D1E2FF7ED9A35BDFB35C1CC"
"api\coverage\lcov-report\utils\math.ts.html","3397","25/09/2025 17:23:59","C98D6157D80D7F398E158F76F4C47784"
"api\coverage\lcov.info","797","25/09/2025 17:23:59","F4E7C719B1096BE3F457FA56F867D878"
"api\coverage\middleware\auth.ts.html","6252","25/09/2025 17:23:59","0A8AB06B1FFD6F41FA3429427D5E4DD8"
"api\coverage\middleware\index.html","4414","25/09/2025 17:23:59","D217FE1450F70D49568A2717A533A120"
"api\coverage\prettify.css","676","25/09/2025 17:23:59","31F0C9DA5AC09F2563CAB46EBC6E445A"
"api\coverage\prettify.js","17590","25/09/2025 17:23:59","6051903A2F7363EE232A01BD32F60B6A"
"api\coverage\sort-arrow-sprite.png","138","25/09/2025 17:23:59","FD08A5625D21E34B1D6D9C026F2728A9"
"api\coverage\sorter.js","6731","25/09/2025 17:23:59","E2F5129270684BF835820CA4433B4ABB"
"api\coverage\utils\index.html","4397","25/09/2025 17:23:59","3165DA2ECC536EAA1678B7D948A8913B"
"api\coverage\utils\math.ts.html","3397","25/09/2025 17:23:59","8AFE664B12957DA3F822279974B0A166"
"api\dist\http\app.d.ts","117","25/09/2025 02:26:14","4A0D47B4E8642F74AF37890894B6AAD2"
"api\dist\http\app.d.ts.map","160","25/09/2025 02:26:14","012FD8072536E1469B664149203F674D"
"api\dist\http\app.js","1443","25/09/2025 02:26:14","C363776B750866FFFE557C039C1DCE22"
"api\dist\http\app.js.map","1630","25/09/2025 02:26:14","F8D420E3C5C1E1958F78840A4B02B161"
"api\dist\http\auth.d.ts","536","25/09/2025 02:26:14","C7E9A8145B1ACEA04A2AB0A8A90CEE7E"
"api\dist\http\auth.d.ts.map","558","25/09/2025 02:26:14","6700E7081A6A3A201382B935A3F9CEF0"
"api\dist\http\auth.js","1222","25/09/2025 02:26:14","84A9DB439C36CBE37027D1068836C7B3"
"api\dist\http\auth.js.map","1125","25/09/2025 02:26:14","34546613748A14A22240A896E46BAB48"
"api\dist\http\clients.d.ts","126","25/09/2025 02:26:14","2E7F688DCB49C7DF64B0C590FFDBC11A"
"api\dist\http\clients.d.ts.map","167","25/09/2025 02:26:14","E581C17B2029B5F6D3C3AB657EEE9D2F"
"api\dist\http\clients.js","634","25/09/2025 02:26:14","B8E6CBBCC6F748E514C16AAE598868D0"
"api\dist\http\clients.js.map","434","25/09/2025 02:26:14","ABE2A57458DC656CCB2C07A22D036FAE"
"api\dist\http\finance.d.ts","139","25/09/2025 02:26:14","87395557208620C9FCD37260958708DF"
"api\dist\http\finance.d.ts.map","188","25/09/2025 02:26:14","09F4E0D7FC9CB8056076A344152A71B3"
"api\dist\http\finance.js","1647","25/09/2025 02:26:14","A055278206C9CC75C682E779DAE3781B"
"api\dist\http\finance.js.map","1806","25/09/2025 02:26:14","0054FBEF19713782B9FA65768C673052"
"api\dist\http\health.d.ts","125","25/09/2025 02:26:14","CC93104FDD9E6EC9044BD510417AF954"
"api\dist\http\health.d.ts.map","165","25/09/2025 02:26:14","80B346F0183D1F20DB4D079E3BE2E670"
"api\dist\http\health.js","352","25/09/2025 02:26:14","ADE8FE159728FA131543C8F39A9696FE"
"api\dist\http\health.js.map","476","25/09/2025 02:26:14","ABB4B44B66F279B6FEE3D5771221B22F"
"api\dist\http\incidents.d.ts","200","25/09/2025 02:26:14","47BFE02E9B181F6E2353711E669F35DE"
"api\dist\http\incidents.d.ts.map","204","25/09/2025 02:26:14","6D01770B46D6CB99802355A00288782E"
"api\dist\http\incidents.js","1804","25/09/2025 02:26:14","CC4CD07D1EF19C4D0773B695C130F30A"
"api\dist\http\incidents.js.map","1661","25/09/2025 02:26:14","DD233DD530C5B70A2E21E1224F016226"
"api\dist\http\insurance.policies.d.ts","217","25/09/2025 02:26:14","A2A92D8F0D28D37A6510CF359C380572"
"api\dist\http\insurance.policies.d.ts.map","224","25/09/2025 02:26:14","54E4314A46C3420BA37DAB16FD16901C"
"api\dist\http\insurance.policies.js","1313","25/09/2025 02:26:14","C420C90D2401F539077C1205AE5C80E6"
"api\dist\http\insurance.policies.js.map","1461","25/09/2025 02:26:14","B75BF3308CD3CA12BC7D860B4F9695A1"
"api\dist\http\insurers.d.ts","141","25/09/2025 02:26:14","C50B82C74E91B0836D8091AFAA8A90CD"
"api\dist\http\insurers.d.ts.map","190","25/09/2025 02:26:14","953ECD6643FAD035BE5C437A25E3976B"
"api\dist\http\insurers.js","1489","25/09/2025 02:26:14","7EACB61383F99A6AC7DF822B75F37068"
"api\dist\http\insurers.js.map","1922","25/09/2025 02:26:14","22BDBA7F3EBF7BB204760F2E91CC48CC"
"api\dist\http\notifications.d.ts","208","25/09/2025 02:26:14","E4FBE5ED60B1D6F218A6096C249DAE0A"
"api\dist\http\notifications.d.ts.map","214","25/09/2025 02:26:14","7268C422C03D0895AC26500B4880C287"
"api\dist\http\notifications.js","1367","25/09/2025 02:26:14","7C99DAD89534B0BECD2ADDC0E5D8B024"
"api\dist\http\notifications.js.map","1529","25/09/2025 02:26:14","5BC6A428F8E661B3037D91DACDC92670"
"api\dist\http\routes.d.ts","120","25/09/2025 02:26:14","39074427EBCD67DE81744C3F24AD2503"
"api\dist\http\routes.d.ts.map","137","25/09/2025 02:26:14","5FEAD36C568C11A8CD3E6C8B8EED2C02"
"api\dist\http\routes.js","1270","25/09/2025 02:26:14","D25E3E85D943172AF85E1C72FC9A278D"
"api\dist\http\routes.js.map","778","25/09/2025 02:26:14","FC7D98B51BDEED5A223968C9A1FB3250"
"api\dist\http\version.d.ts","126","25/09/2025 02:26:14","8643CAB817783C7DD9CDBAD4330A025A"
"api\dist\http\version.d.ts.map","168","25/09/2025 02:26:14","4B0CC858FE1E1224B5BC43B7792E12B5"
"api\dist\http\version.js","661","25/09/2025 02:26:14","19B1BF735D8B9E4F323AB40788D5CFEF"
"api\dist\http\version.js.map","599","25/09/2025 02:26:14","BF6CEFE8F287EF73E88FA4970322355C"
"api\dist\http\webhooks.d.ts","141","25/09/2025 02:26:14","73E701AFA8D849559D82831336FD8AC2"
"api\dist\http\webhooks.d.ts.map","190","25/09/2025 02:26:14","22CFEC34033649E4AD78C38B2CF3A929"
"api\dist\http\webhooks.js","1211","25/09/2025 02:26:14","1D8CBD49FDBFA8E01DAE35A72F14B2B9"
"api\dist\http\webhooks.js.map","1125","25/09/2025 02:26:14","0CA9D5524D71AD0334CA1C5A814DCA6A"
"api\dist\index.d.ts","320","25/09/2025 02:26:14","C5139F7B7E866B6BBE7F938CFAD1BA2E"
"api\dist\index.d.ts.map","252","25/09/2025 02:26:14","1BADF15103076E0F85B26D5F3508C8E7"
"api\dist\index.js","2497","25/09/2025 02:26:14","6FED097C2A077B67C03962ECC3D14659"
"api\dist\index.js.map","2226","25/09/2025 02:26:14","4DAB4D75D4BE51E6306589946B388381"
"api\dist\middleware\auth.d.ts","407","25/09/2025 02:26:14","43D24D5D663C0ABB0282C518AC2C6EF5"
"api\dist\middleware\auth.d.ts.map","467","25/09/2025 02:26:14","B1A9931E1EAB127F619A148EC64804A4"
"api\dist\middleware\auth.js","559","25/09/2025 02:26:14","E83FBE98B66CDF5EB5D36F9F696D254B"
"api\dist\middleware\auth.js.map","683","25/09/2025 02:26:14","48BCA3D1722BAF3A4D22033D93DA4DFB"
"api\dist\middleware\authMiddleware.d.ts","118","25/09/2025 02:26:14","4DD84F74017FCECF25A151DD6BA4629F"
"api\dist\middleware\authMiddleware.d.ts.map","216","25/09/2025 02:26:14","C9987E55083CD978CC354DE99C88F815"
"api\dist\middleware\authMiddleware.js","443","25/09/2025 02:26:14","7D72D49887F12F1768EAC99ED0C1B5E5"
"api\dist\middleware\authMiddleware.js.map","173","25/09/2025 02:26:14","B70AEC5411BC6A288B9294812DFDF0ED"
"api\dist\middleware\errorHandler.d.ts","256","25/09/2025 02:26:14","1FEECBD78B69052FC15EF6890317C79D"
"api\dist\middleware\errorHandler.d.ts.map","290","25/09/2025 02:26:14","03D709FCE4FFEF7635430BC63E360DFC"
"api\dist\middleware\errorHandler.js","1099","25/09/2025 02:26:14","CCC5E5F572E818E475275B1E0886DC41"
"api\dist\middleware\errorHandler.js.map","1034","25/09/2025 02:26:14","7B54086EEEEF02C5ED42E2CA5E556770"
"api\dist\middleware\tenantMiddleware.d.ts","363","25/09/2025 02:26:14","3C6679A4BE4F2036135A9FF364B104D5"
"api\dist\middleware\tenantMiddleware.d.ts.map","392","25/09/2025 02:26:14","686D17DC06E84E4EADAA0AA8B8BB2F5A"
"api\dist\middleware\tenantMiddleware.js","897","25/09/2025 02:26:14","928453E9B8CD580F92FF01562D90F2BD"
"api\dist\middleware\tenantMiddleware.js.map","933","25/09/2025 02:26:14","E78B473082D76B1964ECFD855DE103AA"
"api\dist\routes\clients.d.ts","116","25/09/2025 02:26:14","F1D3C02EEC927D683FE0B69BBE0FCFF2"
"api\dist\routes\clients.d.ts.map","170","25/09/2025 02:26:14","FC0AF697C2B57D7821DBD393400BFA58"
"api\dist\routes\clients.js","1095","25/09/2025 02:26:14","FC3F69D81F47D38D53BDE51CC08C9E45"
"api\dist\routes\clients.js.map","1385","25/09/2025 02:26:14","61C73BBE25639ACCD2C8C8E66CA5367F"
"api\dist\routes\dashboard.d.ts","118","25/09/2025 02:26:14","8B148E8B4E6FC564B83725D72A4BB66B"
"api\dist\routes\dashboard.d.ts.map","174","25/09/2025 02:26:14","6576170946F4F0371A8FCB5F59A4223B"
"api\dist\routes\dashboard.js","1471","25/09/2025 02:26:14","118508EB220A85E7E3D7A738D9215FCD"
"api\dist\routes\dashboard.js.map","1344","25/09/2025 02:26:14","6EE2B9E0968CE0182CAE914A8DCB1F56"
"api\dist\routes\maintenanceOrders.d.ts","126","25/09/2025 02:26:14","F045BB10F50EAEBE29FC51A23451F99F"
"api\dist\routes\maintenanceOrders.d.ts.map","190","25/09/2025 02:26:14","390395C857DCEFDE8E551017E5926513"
"api\dist\routes\maintenanceOrders.js","1078","25/09/2025 02:26:14","4ABEE7D69B3A48F4C3F1DA883AA307DE"
"api\dist\routes\maintenanceOrders.js.map","1340","25/09/2025 02:26:14","077D983746152FB6844E4C1A32E7FF1D"
"api\dist\routes\rentals.d.ts","116","25/09/2025 02:26:14","42DBC87FBB30437DEF9D34B39193D6AE"
"api\dist\routes\rentals.d.ts.map","170","25/09/2025 02:26:14","023D2021FF77A930DB478F9F5CECE182"
"api\dist\routes\rentals.js","3466","25/09/2025 02:26:14","361028151419516F091DCD01C555F8F2"
"api\dist\routes\rentals.js.map","3956","25/09/2025 02:26:14","F983278945C8052C4EC6D8EBA243470B"
"api\dist\routes\vehicles.d.ts","117","25/09/2025 02:26:14","5FC3FAE2CA02CF438692043EB20D26A2"
"api\dist\routes\vehicles.d.ts.map","172","25/09/2025 02:26:14","F87FB7485C2DC402FDD6A734B942CCCB"
"api\dist\routes\vehicles.js","813","25/09/2025 02:26:14","E06312B3CE603BE2665BE31D0765ABA0"
"api\dist\routes\vehicles.js.map","1020","25/09/2025 02:26:14","8F77288D6609DBE3140DDC4084D02561"
"api\dist\server.d.ts","86","25/09/2025 02:26:14","616BF2C8722A811CEFB9039A1047281F"
"api\dist\server.d.ts.map","156","25/09/2025 02:26:14","7B6FDB2791007A1AB540BD898C4FD747"
"api\dist\server.js","528","25/09/2025 02:26:14","834EA9C65CFB324569929390D264AF5E"
"api\dist\server.js.map","403","25/09/2025 02:26:14","2F4D4DDEAD313DC0394138C08A3F2749"
"api\dist\services\clients.d.ts","157","25/09/2025 02:26:14","30E40300C75CE97D10C068ACDC72BE35"
"api\dist\services\clients.d.ts.map","248","25/09/2025 02:26:14","E7AB2AE2C44A0E229E1EC29D3CC30CBE"
"api\dist\services\clients.js","288","25/09/2025 02:26:14","A4CA42F093D523E090AAC80FFADED254"
"api\dist\services\clients.js.map","245","25/09/2025 02:26:14","5A52D0E6ED0B5FA277BE9677BDB38F31"
"api\dist\services\notificationService.d.ts","864","25/09/2025 02:26:14","85A7128B8770ADA16C8D2EF2503FC3F7"
"api\dist\services\notificationService.d.ts.map","401","25/09/2025 02:26:14","A7BE83AFE4CFFF3FFF291AF9E3CA3413"
"api\dist\services\notificationService.js","341","25/09/2025 02:26:14","6F6E59D97ED8BE5C2E06F1D52AAE8F80"
"api\dist\services\notificationService.js.map","289","25/09/2025 02:26:14","A0B3757AA89EC1FC391D1C9D3A194F55"
"api\dist\services\prisma.d.ts","240","25/09/2025 02:26:14","B2B950A6E794A386C5AD88AC90C88C0C"
"api\dist\services\prisma.d.ts.map","192","25/09/2025 02:26:14","CE51994C2C183F2F75F130F30C12856D"
"api\dist\services\prisma.js","226","25/09/2025 02:26:14","C40EF4F9617F31C0779F99FC8A06C9EF"
"api\dist\services\prisma.js.map","172","25/09/2025 02:26:14","26FA7A9948B1890593F524C5A03AF35B"
"api\dist\utils\math.d.ts","93","25/09/2025 02:26:14","B0F2E9AA2FEF4F1531925ED224E38A3E"
"api\dist\utils\math.d.ts.map","173","25/09/2025 02:26:14","9680BB42870809E13482F549D88DE81A"
"api\dist\utils\math.js","169","25/09/2025 02:26:14","459848D4FA3F7EC440DF5BFF63D3FDF3"
"api\dist\utils\math.js.map","198","25/09/2025 02:26:14","26A88480CE76800A3FFEA4CFBB1DC292"
"api\Dockerfile","538","20/09/2025 21:21:24","0CEC3C842A0C3560C112D404CFB23BA8"
"api\eslint.config.mjs","686","24/09/2025 05:48:23","E93B1CB474526248925480C52B55466B"
"api\lint-staged.config.json","240","20/09/2025 21:21:24","806211B096B1FFB14558EF625FE1C17B"
"api\node_modules\.bin\cross-env","411","25/09/2025 17:22:57","F434C72F81FF61704B74C125D7AE3B1F"
"api\node_modules\.bin\cross-env-shell","423","25/09/2025 17:22:57","5B570EBEB15064AA803055897CFA595C"
"api\node_modules\.bin\cross-env-shell.cmd","342","25/09/2025 17:22:57","F2C92A13B6024B92CE016BB010CC98E1"
"api\node_modules\.bin\cross-env-shell.ps1","873","25/09/2025 17:22:57","F0E36EF96672CF02A3E23AC2752FDD7D"
"api\node_modules\.bin\cross-env.cmd","336","25/09/2025 17:22:57","5460A2C9667E12703C1803A7277FAEA6"
"api\node_modules\.bin\cross-env.ps1","849","25/09/2025 17:22:57","D296D05522E07B224A7E3E4536907A28"
"api\node_modules\.bin\vite-node","395","25/09/2025 17:22:57","5A95C149DA76F81C5A55EE492967BF98"
"api\node_modules\.bin\vite-node.cmd","328","25/09/2025 17:22:57","0E378FD359F7F9FB1D7D867C6E2C4137"
"api\node_modules\.bin\vite-node.ps1","817","25/09/2025 17:22:57","A110D68D0F546EAE541F82339B1F84ED"
"api\node_modules\.bin\vitest","383","25/09/2025 17:22:57","7964B9AD1BF7DBBAE7DE3D44F94D80B3"
"api\node_modules\.bin\vitest.cmd","322","25/09/2025 17:22:57","5CD4D80528545B62CFC6EA95107521D2"
"api\node_modules\.bin\vitest.ps1","793","25/09/2025 17:22:57","820E2B42220AE684A83933E7E1DAA814"
"api\node_modules\.cache\prisma\master\605197351a3c8bdd595af2d2a9bc3025bca48ea2\windows\libquery-engine","19261952","25/09/2025 17:23:04","15EA6295FE62BE21665DB9BD38D29FCD"
"api\node_modules\.cache\prisma\master\605197351a3c8bdd595af2d2a9bc3025bca48ea2\windows\libquery-engine.gz.sha256","64","25/09/2025 17:23:03","E7A579C3D7CFB0B4CC64111EEC641718"
"api\node_modules\.cache\prisma\master\605197351a3c8bdd595af2d2a9bc3025bca48ea2\windows\libquery-engine.sha256","64","25/09/2025 17:23:03","DC5F0C02B40E22EA1A3F444D4E8F7E1B"
"api\node_modules\.cache\prisma\master\605197351a3c8bdd595af2d2a9bc3025bca48ea2\windows\schema-engine","18145792","25/09/2025 17:23:03","88582167D5B276D0BC6DAB7730970523"
"api\node_modules\.cache\prisma\master\605197351a3c8bdd595af2d2a9bc3025bca48ea2\windows\schema-engine.gz.sha256","64","25/09/2025 17:23:04","553A4CB7C436B8C0485AD5EC5EA1D3F6"
"api\node_modules\.cache\prisma\master\605197351a3c8bdd595af2d2a9bc3025bca48ea2\windows\schema-engine.sha256","64","25/09/2025 17:23:04","932DD89F36F825A05CDAF069613BFDF1"
"api\node_modules\.prisma\client\default.d.ts","23","25/09/2025 17:23:12","6CFA5C5E0B5DE6ABFC20F2532414712C"
"api\node_modules\.prisma\client\default.js","36","25/09/2025 17:23:12","1F0DB1021CFEAC03B7418B20A4EEDD9C"
"api\node_modules\.prisma\client\edge.d.ts","25","25/09/2025 17:23:12","B1A34F9B323447F227DB5AA901D5F3A9"
"api\node_modules\.prisma\client\edge.js","89975","25/09/2025 17:23:12","BA0EA4CBC59194DC0E9AA684AD5CC9E2"
"api\node_modules\.prisma\client\index-browser.js","14043","25/09/2025 17:23:12","4CDB4C2EBE1BEEBB3321E4DFD26E35E0"
"api\node_modules\.prisma\client\index.d.ts","1416782","25/09/2025 17:23:12","BD2C3334FFA83BCB037D6250CDD51B17"
"api\node_modules\.prisma\client\index.js","90644","25/09/2025 17:23:12","E2C50273367DF883AA45DFB5A97F2A38"
"api\node_modules\.prisma\client\package.json","2601","25/09/2025 17:23:12","FB72BC9962EB690EED0F3AD503D0CA80"
"api\node_modules\.prisma\client\query_engine-windows.dll.node","19261952","25/09/2025 17:23:04","15EA6295FE62BE21665DB9BD38D29FCD"
"api\node_modules\.prisma\client\schema.prisma","11668","25/09/2025 17:23:12","C3194A8C4E61B8DB71566FEB4C2602B7"
"api\node_modules\.prisma\client\wasm.d.ts","23","25/09/2025 17:23:12","6CFA5C5E0B5DE6ABFC20F2532414712C"
"api\node_modules\.prisma\client\wasm.js","14043","25/09/2025 17:23:12","4CDB4C2EBE1BEEBB3321E4DFD26E35E0"
"api\node_modules\.vite\vitest\da39a3ee5e6b4b0d3255bfef95601890afd80709\results.json","568","25/09/2025 17:23:59","C63D4B64106371F35C972ECFD00F4E12"
"api\node_modules\@bcoe\v8-coverage\LICENSE.md","1088","25/09/2025 17:22:45","88933EF54753DBBB30FFDB9BF84C8FDA"
"api\node_modules\@bcoe\v8-coverage\LICENSE.txt","731","25/09/2025 17:22:46","B5A9E807C8264F2F84BDF8F03C42DE8A"
"api\node_modules\@bcoe\v8-coverage\package.json","689","25/09/2025 17:22:45","9A67086A5F820B96EE62413EA643D71A"
"api\node_modules\@bcoe\v8-coverage\README.md","747","25/09/2025 17:22:46","2198FFAEB2724E6145140E25E0038BBA"
"api\node_modules\@bcoe\v8-coverage\src\lib\ascii.js","3567","25/09/2025 17:22:44","4B12BB77927008B7D8E325E66A35D6FA"
"api\node_modules\@bcoe\v8-coverage\src\lib\clone.js","1538","25/09/2025 17:22:44","920CBC544EB128E77595A5C20DCA4E1F"
"api\node_modules\@bcoe\v8-coverage\src\lib\compare.js","938","25/09/2025 17:22:44","30B9D8D04DDFC86A219A11E22DC5BD29"
"api\node_modules\@bcoe\v8-coverage\src\lib\index.js","753","25/09/2025 17:22:44","213C7C191E2C4FD75435629B34238E34"
"api\node_modules\@bcoe\v8-coverage\src\lib\merge.js","9530","25/09/2025 17:22:45","E7953172C1CA97E580B51C385AE0A588"
"api\node_modules\@bcoe\v8-coverage\src\lib\normalize.js","2336","25/09/2025 17:22:45","4D1292A067310D4D08E6DE9A9DE4DD8D"
"api\node_modules\@bcoe\v8-coverage\src\lib\range-tree.js","3847","25/09/2025 17:22:45","283BF6DEEC4726ACC9CBDDC98818147D"
"api\node_modules\@types\express\index.d.ts","4414","25/09/2025 17:22:44","31D42ECB6CB2BFCCB4503C12793FB67C"
"api\node_modules\@types\express\LICENSE","1141","25/09/2025 17:22:44","D4A904CA135BB7BC912156FEE12726F0"
"api\node_modules\@types\express\package.json","1441","25/09/2025 17:22:44","5FD7D11878C8DEEABCE59F3EEE55B213"
"api\node_modules\@types\express\README.md","887","25/09/2025 17:22:44","A11A10BE3F82CEC82A931DDF809E357D"
"api\node_modules\@types\node\assert.d.ts","44107","25/09/2025 17:22:44","DBC13FE1447335E630B5A7CFA4848D1E"
"api\node_modules\@types\node\assert\strict.d.ts","201","25/09/2025 17:22:49","543D7E122F76FCC38335E560DC9D4505"
"api\node_modules\@types\node\async_hooks.d.ts","25601","25/09/2025 17:22:44","14D5E2AB1BBC207E39369EA04F328A49"
"api\node_modules\@types\node\buffer.buffer.d.ts","22276","25/09/2025 17:22:45","EBE72D92D3FC41C169A802F932CE7936"
"api\node_modules\@types\node\buffer.d.ts","88375","25/09/2025 17:22:45","A0E2DAA2A7DE600D035E3C8C8D038322"
"api\node_modules\@types\node\child_process.d.ts","65903","25/09/2025 17:22:46","D32085A4D13D918F15894441475F89E4"
"api\node_modules\@types\node\cluster.d.ts","28008","25/09/2025 17:22:46","87BA4ECE29C3270DE5B4B658CB3D9931"
"api\node_modules\@types\node\compatibility\disposable.d.ts","473","25/09/2025 17:22:49","3057E856CD232D5A3113601AEA562F2E"
"api\node_modules\@types\node\compatibility\index.d.ts","533","25/09/2025 17:22:49","E5411CB070EE9E1F324BF143173A82E0"
"api\node_modules\@types\node\compatibility\indexable.d.ts","990","25/09/2025 17:22:49","ABC248FE1F4D232AC70859A6D765F8D6"
"api\node_modules\@types\node\compatibility\iterators.d.ts","1303","25/09/2025 17:22:49","F08FF2F7B99AABBD2D5E63A8AA6F831A"
"api\node_modules\@types\node\console.d.ts","21255","25/09/2025 17:22:46","578D9DB4A442A61ACB3454FBF586A200"
"api\node_modules\@types\node\constants.d.ts","816","25/09/2025 17:22:46","44D59585F727DCEC8906E11A585A49D0"
"api\node_modules\@types\node\crypto.d.ts","195140","25/09/2025 17:22:46","52D01D061127F3FEA5A11F25C144802B"
"api\node_modules\@types\node\dgram.d.ts","27845","25/09/2025 17:22:46","CBDD8B128ADE4D288EE1D45A06D17A5B"
"api\node_modules\@types\node\diagnostics_channel.d.ts","25227","25/09/2025 17:22:46","4D654F8C3F97E482CA5219FB0E2FE385"
"api\node_modules\@types\node\dns.d.ts","35544","25/09/2025 17:22:47","38C85062EE1286FFB3B493D5B280D1E8"
"api\node_modules\@types\node\dns\promises.d.ts","20383","25/09/2025 17:22:49","034BD3D3A497C9605B15F87F1D80A00F"
"api\node_modules\@types\node\domain.d.ts","7815","25/09/2025 17:22:47","8960A828DC0DBDBD72C651D7175091F5"
"api\node_modules\@types\node\events.d.ts","43172","25/09/2025 17:22:47","F83FBE2CD138CFB863C18B534D15FE78"
"api\node_modules\@types\node\fs.d.ts","186858","25/09/2025 17:22:47","1B2466CF48D0E041432247A51107FC22"
"api\node_modules\@types\node\fs\promises.d.ts","54661","25/09/2025 17:22:49","03CC4D7646D92F06D103D919A9E41F78"
"api\node_modules\@types\node\globals.d.ts","6045","25/09/2025 17:22:47","13114D2C239AE6E4A3703C938B7EDE26"
"api\node_modules\@types\node\globals.typedarray.d.ts","777","25/09/2025 17:22:47","26C569B05331EB78895B426D5B1F4CC6"
"api\node_modules\@types\node\http.d.ts","90921","25/09/2025 17:22:47","978A48A713954BFFCFC414B3FB2BF2F2"
"api\node_modules\@types\node\http2.d.ts","128994","25/09/2025 17:22:47","FCDB7188E3FF101F993451B02A26C4B9"
"api\node_modules\@types\node\https.d.ts","25000","25/09/2025 17:22:47","6D824556F950B76C3CAE0250C9702634"
"api\node_modules\@types\node\index.d.ts","3967","25/09/2025 17:22:47","67FBD50E4E1BC4F4A7C2FB53AF121D69"
"api\node_modules\@types\node\inspector.generated.d.ts","197533","25/09/2025 17:22:48","EF3FAA7CACBC67BEF9CEE5CDB0F7B8C1"
"api\node_modules\@types\node\LICENSE","1141","25/09/2025 17:22:44","D4A904CA135BB7BC912156FEE12726F0"
"api\node_modules\@types\node\module.d.ts","23396","25/09/2025 17:22:48","54ABCF5CA866397EC4DF4FDF88246366"
"api\node_modules\@types\node\net.d.ts","46768","25/09/2025 17:22:48","AD5D97FB09BC2D22BF9E1C27E97ED359"
"api\node_modules\@types\node\os.d.ts","18959","25/09/2025 17:22:48","6CB8FFDCED7383F0B40C000E141D6E99"
"api\node_modules\@types\node\package.json","4128","25/09/2025 17:22:48","95D3A9259E0FEE5BF7B8F220FCD1F7CD"
"api\node_modules\@types\node\path.d.ts","8239","25/09/2025 17:22:48","861794FD71B361EB43BB78C18B45470B"
"api\node_modules\@types\node\perf_hooks.d.ts","38245","25/09/2025 17:22:48","D6EADCA0C19D4CCB47D1DA16F99C93B3"
"api\node_modules\@types\node\process.d.ts","98041","25/09/2025 17:22:48","9917783DED2071EBC5FA616592FC5D2B"
"api\node_modules\@types\node\punycode.d.ts","5482","25/09/2025 17:22:48","351BAA92D9CB4E027C24F386F32BBB18"
"api\node_modules\@types\node\querystring.d.ts","7128","25/09/2025 17:22:48","595913D903894E6012A56CE342EBD708"
"api\node_modules\@types\node\readline.d.ts","25921","25/09/2025 17:22:48","9E7CF2F95F59173E5907992FB9236EC5"
"api\node_modules\@types\node\readline\promises.d.ts","6444","25/09/2025 17:22:49","5C8C714FAB640178B2F4B3931D54A73A"
"api\node_modules\@types\node\README.md","1500","25/09/2025 17:22:44","268811495D038F34D67E9D1BCD7AAA76"
"api\node_modules\@types\node\repl.d.ts","19510","25/09/2025 17:22:48","025BD068726800E49AB7D9FA870E12C4"
"api\node_modules\@types\node\sea.d.ts","6207","25/09/2025 17:22:48","C8B92F8C76A290C5EFD5A0616BEA0F5B"
"api\node_modules\@types\node\stream.d.ts","85172","25/09/2025 17:22:48","1D33A6FBDB3F6DE1AF15FB3DD0E61EE8"
"api\node_modules\@types\node\stream\consumers.d.ts","1593","25/09/2025 17:22:49","AC4E1B886875A021521B672EE3CFB31F"
"api\node_modules\@types\node\stream\promises.d.ts","2971","25/09/2025 17:22:49","7A32BC44CA7BBAA4DDCF21A400A5A680"
"api\node_modules\@types\node\stream\web.d.ts","25414","25/09/2025 17:22:49","4B166BFBA74F0CB6E9136010763064F1"
"api\node_modules\@types\node\string_decoder.d.ts","2830","25/09/2025 17:22:48","6A0C6DEE61C45FED797DC5E1CDDF50A7"
"api\node_modules\@types\node\test.d.ts","82891","25/09/2025 17:22:48","A8307E5D8898858EE8EB18DC7F2FBE22"
"api\node_modules\@types\node\timers.d.ts","14568","25/09/2025 17:22:48","40681DB6F4CC1AA3B1330F5FFEB7BC82"
"api\node_modules\@types\node\timers\promises.d.ts","3780","25/09/2025 17:22:49","8E1EC82F7EF4D067B1ED8EAB4FF85DE6"
"api\node_modules\@types\node\tls.d.ts","58087","25/09/2025 17:22:48","19B73D786BB8C0FB0EDCA2C9320A0886"
"api\node_modules\@types\node\trace_events.d.ts","8929","25/09/2025 17:22:48","0824AE0E3E6F86E33BD12990A6B89023"
"api\node_modules\@types\node\ts5.6\buffer.buffer.d.ts","21731","25/09/2025 17:22:49","E5E15175C99D65B630BD5A2D999585E5"
"api\node_modules\@types\node\ts5.6\globals.typedarray.d.ts","457","25/09/2025 17:22:49","19D4F97FD4D5CAA44D3F4B8348FF63B5"
"api\node_modules\@types\node\ts5.6\index.d.ts","4164","25/09/2025 17:22:49","B4D1903EA15002CC43380428E22F97E7"
"api\node_modules\@types\node\tty.d.ts","10056","25/09/2025 17:22:48","F29B11784873FE8074CE3D9A92BE6E91"
"api\node_modules\@types\node\url.d.ts","42453","25/09/2025 17:22:48","70EB6DF4B32F85292DEEDCB2D361C34D"
"api\node_modules\@types\node\util.d.ts","89902","25/09/2025 17:22:48","87BDF68188EBFAFE97AF51174535854E"
"api\node_modules\@types\node\v8.d.ts","34775","25/09/2025 17:22:48","C368B880E5E1EA6120ACAAD6A0CD5808"
"api\node_modules\@types\node\vm.d.ts","47138","25/09/2025 17:22:48","0887709827DADE7615A368B4F9C0D03A"
"api\node_modules\@types\node\wasi.d.ts","7933","25/09/2025 17:22:48","D1D2CBFE13EAD79E771578BA04361CB0"
"api\node_modules\@types\node\web-globals\abortcontroller.d.ts","1145","25/09/2025 17:22:49","D7CE6F56C41CC0918C02328B6A8AC3EB"
"api\node_modules\@types\node\web-globals\domexception.d.ts","2565","25/09/2025 17:22:49","72231786C0A9E0B9872D9B180BB1D4D7"
"api\node_modules\@types\node\web-globals\events.d.ts","2699","25/09/2025 17:22:49","0214CF126CD4D596BA2618BC851DA2DD"
"api\node_modules\@types\node\web-globals\fetch.d.ts","2227","25/09/2025 17:22:49","33A8CB47C53FC6C1DD0B80CF1A1C8BDF"
"api\node_modules\@types\node\worker_threads.d.ts","36893","25/09/2025 17:22:48","7AEC42AB8C7EB1187A994D6823F92E2A"
"api\node_modules\@types\node\zlib.d.ts","20644","25/09/2025 17:22:49","454FEF3CF1968A232729C450831A183C"
"api\node_modules\@vitest\coverage-v8\dist\browser.d.ts","126","25/09/2025 17:22:45","0387F275E38185492DF64D312118ED4E"
"api\node_modules\@vitest\coverage-v8\dist\browser.js","1397","25/09/2025 17:22:44","F50C6560B5747838A55B6D5829FDF3F7"
"api\node_modules\@vitest\coverage-v8\dist\index.d.ts","126","25/09/2025 17:22:45","0387F275E38185492DF64D312118ED4E"
"api\node_modules\@vitest\coverage-v8\dist\index.js","1687","25/09/2025 17:22:44","8CEF13918485880E0E0BC490F3AB61C2"
"api\node_modules\@vitest\coverage-v8\dist\load-provider-CdgAx3rL.js","236","25/09/2025 17:22:44","186C40EDD5C5385DF3F8F995F6DF4D52"
"api\node_modules\@vitest\coverage-v8\dist\provider.d.ts","1098","25/09/2025 17:22:45","FB213D56FFA31F88FC3CFEE43578D31D"
"api\node_modules\@vitest\coverage-v8\dist\provider.js","109397","25/09/2025 17:22:45","003F0AD454BA9A66A91E9BC6B960A688"
"api\node_modules\@vitest\coverage-v8\LICENSE","1076","25/09/2025 17:22:46","4D8501E221A61D67FB727F69192B740E"
"api\node_modules\@vitest\coverage-v8\node_modules\debug\LICENSE","1139","25/09/2025 17:22:44","D85A365580888E9EE0A01FB53E8E9BF0"
"api\node_modules\@vitest\coverage-v8\node_modules\debug\package.json","1479","25/09/2025 17:22:45","04ABCA7A5ECFA48EBC75648EBA78ECD6"
"api\node_modules\@vitest\coverage-v8\node_modules\debug\README.md","22115","25/09/2025 17:22:45","8F734FE8FC520ABE8A352C4F76B71ADE"
"api\node_modules\@vitest\coverage-v8\node_modules\debug\src\browser.js","6103","25/09/2025 17:22:44","0379D4F4B4C4A36721C192CFE5AADD58"
"api\node_modules\@vitest\coverage-v8\node_modules\debug\src\common.js","6915","25/09/2025 17:22:44","25703431FEDAE07CD6AADEA57B2DDC3A"
"api\node_modules\@vitest\coverage-v8\node_modules\debug\src\index.js","314","25/09/2025 17:22:44","D6C53F5A0DD8F256D91210AD530A2F3E"
"api\node_modules\@vitest\coverage-v8\node_modules\debug\src\node.js","4728","25/09/2025 17:22:45","29E5634A253DB67E7F6B24318EBA115B"
"api\node_modules\@vitest\coverage-v8\node_modules\ms\index.js","3024","25/09/2025 17:22:44","83C46187ED7B1E33A178F4C531C4EA81"
"api\node_modules\@vitest\coverage-v8\node_modules\ms\license.md","1079","25/09/2025 17:22:44","2B8BC52AE6B7BA58E1629DEABD53986F"
"api\node_modules\@vitest\coverage-v8\node_modules\ms\package.json","732","25/09/2025 17:22:44","A682078F64A677DDAD1F50307A14B678"
"api\node_modules\@vitest\coverage-v8\node_modules\ms\readme.md","1886","25/09/2025 17:22:44","1E31F4878F79731FEAE6D1BCC2F1CA7A"
"api\node_modules\@vitest\coverage-v8\package.json","2164","25/09/2025 17:22:45","265CB08A81258D37FF8DD829189753DE"
"api\node_modules\@vitest\expect\dist\index.d.ts","27831","25/09/2025 17:22:45","234C980B6199332EBD664274611E7BE6"
"api\node_modules\@vitest\expect\dist\index.js","66260","25/09/2025 17:22:44","06CD22DE0ABBC3EA5FA07AEEAB87554D"
"api\node_modules\@vitest\expect\LICENSE","1076","25/09/2025 17:22:45","4D8501E221A61D67FB727F69192B740E"
"api\node_modules\@vitest\expect\package.json","1118","25/09/2025 17:22:44","15B26AB9A5B4E1DC9C14AF328DCF68AA"
"api\node_modules\@vitest\expect\README.md","452","25/09/2025 17:22:44","21CBEB55619D65B0EED20A2F7989D54E"
"api\node_modules\@vitest\mocker\dist\auto-register.d.ts","13","25/09/2025 17:22:46","7F000C8424CA28B2D36208BC90E579E3"
"api\node_modules\@vitest\mocker\dist\auto-register.js","341","25/09/2025 17:22:44","F67861CBB760EADDC853A015608CE685"
"api\node_modules\@vitest\mocker\dist\browser.d.ts","2067","25/09/2025 17:22:46","569C6EEBC8DBA3F07B73ECED23474E08"
"api\node_modules\@vitest\mocker\dist\browser.js","3063","25/09/2025 17:22:44","F1E330498867B8C141B15733635508CB"
"api\node_modules\@vitest\mocker\dist\chunk-interceptor-native.js","365","25/09/2025 17:22:44","A5FDF16582C0666DD1204DE976752E34"
"api\node_modules\@vitest\mocker\dist\chunk-mocker.js","56108","25/09/2025 17:22:44","237C1FB8D0E2012FF487CEAFEA578B22"
"api\node_modules\@vitest\mocker\dist\chunk-pathe.M-eThtNZ.js","5149","25/09/2025 17:22:45","6D39A39CE0B7131B2E78E3549D2081F5"
"api\node_modules\@vitest\mocker\dist\chunk-registry.js","5205","25/09/2025 17:22:45","200ACE9355139C0599DBF14EB0EAE988"
"api\node_modules\@vitest\mocker\dist\chunk-utils.js","565","25/09/2025 17:22:45","410DD434F5B610F985BF242D8C422FA4"
"api\node_modules\@vitest\mocker\dist\index.d.ts","1090","25/09/2025 17:22:46","ABA87F908C104353280EFC340D49D3D0"
"api\node_modules\@vitest\mocker\dist\index.js","5940","25/09/2025 17:22:45","DFF8E68E1E012E61E696D4CC4FE33C8C"
"api\node_modules\@vitest\mocker\dist\mocker.d-Ce9_ySj5.d.ts","3421","25/09/2025 17:22:46","850C7CF6A0F1570A06DAEC56C92F9187"
"api\node_modules\@vitest\mocker\dist\node.d.ts","22123","25/09/2025 17:22:46","607C0355CC0F430E8723835A6448D745"
"api\node_modules\@vitest\mocker\dist\node.js","46002","25/09/2025 17:22:46","B1A84FFBD68EA0B050F41040D5BACCE3"
"api\node_modules\@vitest\mocker\dist\redirect.d.ts","137","25/09/2025 17:22:46","F5F252EF834278F4CC3D4E35C1A0396F"
"api\node_modules\@vitest\mocker\dist\redirect.js","2139","25/09/2025 17:22:46","44049E848DAD44AA471D343DBF542A9E"
"api\node_modules\@vitest\mocker\dist\register.d.ts","479","25/09/2025 17:22:47","F26AA5CD14BFF1DCE1F1E0856641D469"
"api\node_modules\@vitest\mocker\dist\register.js","1226","25/09/2025 17:22:46","C1F83846961D19A9B665825E1ACC5B75"
"api\node_modules\@vitest\mocker\dist\registry.d-D765pazg.d.ts","3102","25/09/2025 17:22:47","691E47C77406E63E104DDE7A63A7919D"
"api\node_modules\@vitest\mocker\dist\types.d-D_aRZRdy.d.ts","349","25/09/2025 17:22:47","9C319BED912E6E98F72115C7CE63581F"
"api\node_modules\@vitest\mocker\LICENSE","1076","25/09/2025 17:22:47","4D8501E221A61D67FB727F69192B740E"
"api\node_modules\@vitest\mocker\package.json","1920","25/09/2025 17:22:46","941DE4E9F7B1836E43D650C1468CDC99"
"api\node_modules\@vitest\mocker\README.md","225","25/09/2025 17:22:46","207F8A9044840F5EF434BEC0F5679763"
"api\node_modules\@vitest\pretty-format\dist\index.d.ts","3036","25/09/2025 17:22:44","F492B16EA3357C3E3EEBD18CD72B225F"
"api\node_modules\@vitest\pretty-format\dist\index.js","54152","25/09/2025 17:22:44","093F28BE701880D6A9E5E2387FCC4E3B"
"api\node_modules\@vitest\pretty-format\LICENSE","1076","25/09/2025 17:22:44","4D8501E221A61D67FB727F69192B740E"
"api\node_modules\@vitest\pretty-format\package.json","1075","25/09/2025 17:22:44","B64A19D468E54676E8B0B7211773E7C3"
"api\node_modules\@vitest\runner\dist\chunk-hooks.js","80980","25/09/2025 17:22:44","AA3E3A22EA8ADD3A36D202B34D7619C9"
"api\node_modules\@vitest\runner\dist\index.d.ts","13359","25/09/2025 17:22:45","484BB2C7624F409B048C2DE7899958BC"
"api\node_modules\@vitest\runner\dist\index.js","513","25/09/2025 17:22:44","3D2FBF10C24F81B7A911BDB70B346EC4"
"api\node_modules\@vitest\runner\dist\tasks.d-CkscK4of.d.ts","20279","25/09/2025 17:22:45","355FAAC460513179C2058C2C4C378AF9"
"api\node_modules\@vitest\runner\dist\types.d.ts","6366","25/09/2025 17:22:46","BF058581712354E7087317F1E16C7441"
"api\node_modules\@vitest\runner\dist\types.js","1","25/09/2025 17:22:44","68B329DA9893E34099C7D8AD5CB9C940"
"api\node_modules\@vitest\runner\dist\utils.d.ts","2378","25/09/2025 17:22:46","591347EB9102226515D26DFA33B4FD37"
"api\node_modules\@vitest\runner\dist\utils.js","536","25/09/2025 17:22:45","A3EF08B3DC3B8FF18C0D5FA75D88D910"
"api\node_modules\@vitest\runner\LICENSE","1076","25/09/2025 17:22:46","4D8501E221A61D67FB727F69192B740E"
"api\node_modules\@vitest\runner\package.json","1152","25/09/2025 17:22:45","65E09DBB099E9544AABFE7D2755F9792"
"api\node_modules\@vitest\runner\README.md","163","25/09/2025 17:22:45","DF0FCF43DC9DEE0932EBE23A9601B4CE"
"api\node_modules\@vitest\runner\types.d.ts","32","25/09/2025 17:22:46","38AAE8929F38B0CFD68E31B4287F154D"
"api\node_modules\@vitest\runner\utils.d.ts","32","25/09/2025 17:22:46","135D3E1F9CA89DCFDFC595301AF0ED18"
"api\node_modules\@vitest\snapshot\dist\environment.d-DHdQ1Csl.d.ts","722","25/09/2025 17:22:45","835B9B6247576791BCB833FE99BE2763"
"api\node_modules\@vitest\snapshot\dist\environment.d.ts","706","25/09/2025 17:22:45","50909D01A0853444C8A3346832129D05"
"api\node_modules\@vitest\snapshot\dist\environment.js","1133","25/09/2025 17:22:44","57439A9F3CF5CC15475EC226E1153C96"
"api\node_modules\@vitest\snapshot\dist\index.d.ts","4546","25/09/2025 17:22:45","D3FA216265D574D32BFDEA2FDF2E6698"
"api\node_modules\@vitest\snapshot\dist\index.js","75843","25/09/2025 17:22:44","75C1F5FF0BFCDD8FE07F3229BAD803AA"
"api\node_modules\@vitest\snapshot\dist\manager.d.ts","839","25/09/2025 17:22:46","6CE8149B974995F730B939081239AB1F"
"api\node_modules\@vitest\snapshot\dist\manager.js","1829","25/09/2025 17:22:44","519DC824F6D381DB31C4EE5A17FFF01F"
"api\node_modules\@vitest\snapshot\dist\rawSnapshot.d-lFsMJFUd.d.ts","1655","25/09/2025 17:22:46","D4B907C1B97BFEE80C9DBAF44E3D5173"
"api\node_modules\@vitest\snapshot\environment.d.ts","38","25/09/2025 17:22:45","EBA0EA7DF50E5CACE0495C2AEBB7BA43"
"api\node_modules\@vitest\snapshot\LICENSE","1076","25/09/2025 17:22:46","4D8501E221A61D67FB727F69192B740E"
"api\node_modules\@vitest\snapshot\manager.d.ts","34","25/09/2025 17:22:46","277AF6D6F640B694291E244611455F92"
"api\node_modules\@vitest\snapshot\package.json","1327","25/09/2025 17:22:45","E72027005BCBC782417BB30B8B8E6932"
"api\node_modules\@vitest\snapshot\README.md","2570","25/09/2025 17:22:45","B5C37C89885AE3DB3737D98C010D0CEF"
"api\node_modules\@vitest\spy\dist\index.d.ts","14801","25/09/2025 17:22:44","CDFE3889057C590CFE3B5FB5B09055A5"
"api\node_modules\@vitest\spy\dist\index.js","5655","25/09/2025 17:22:44","EB865A1D1A7E7813BBC07B8921B5AB90"
"api\node_modules\@vitest\spy\LICENSE","1076","25/09/2025 17:22:45","4D8501E221A61D67FB727F69192B740E"
"api\node_modules\@vitest\spy\package.json","909","25/09/2025 17:22:44","7AA6FC529F2641F4F0FFE800D2769B4B"
"api\node_modules\@vitest\spy\README.md","63","25/09/2025 17:22:44","4482337377D598D8A37825C7A822B708"
"api\node_modules\@vitest\utils\diff.d.ts","31","25/09/2025 17:22:46","84152A7F22513BBAC91E3CBBF46E4911"
"api\node_modules\@vitest\utils\dist\chunk-_commonjsHelpers.js","4156","25/09/2025 17:22:44","CFA14294CFD5F39E6C445F89565C2472"
"api\node_modules\@vitest\utils\dist\diff.d.ts","4592","25/09/2025 17:22:46","916FDD6C1B374343C3378B762CB53DF7"
"api\node_modules\@vitest\utils\dist\diff.js","78690","25/09/2025 17:22:44","E6AFBBAA0E12E3BB30823FE79E7C065F"
"api\node_modules\@vitest\utils\dist\error.d.ts","440","25/09/2025 17:22:46","7830B8E934903A53B2872224FF3A5E45"
"api\node_modules\@vitest\utils\dist\error.js","5218","25/09/2025 17:22:44","403B186F77C5A77A52FDABC2B5CFA2E8"
"api\node_modules\@vitest\utils\dist\helpers.d.ts","2358","25/09/2025 17:22:46","E39ABFE733347A2A8E0659E457639529"
"api\node_modules\@vitest\utils\dist\helpers.js","6804","25/09/2025 17:22:45","F8A6DC297FB86357919175436A920DBF"
"api\node_modules\@vitest\utils\dist\index.d.ts","2429","25/09/2025 17:22:46","C59C3D15D594FB77156A5BF7113ABB16"
"api\node_modules\@vitest\utils\dist\index.js","21066","25/09/2025 17:22:45","7C94FF4475E270DD584F81111F7808F6"
"api\node_modules\@vitest\utils\dist\source-map.d.ts","4726","25/09/2025 17:22:46","987F7D7407142984EAF5EE044ED63064"
"api\node_modules\@vitest\utils\dist\source-map.js","34675","25/09/2025 17:22:45","A882E66441690C67920A41F659E164D3"
"api\node_modules\@vitest\utils\dist\types.d-BCElaP-c.d.ts","1521","25/09/2025 17:22:46","16B649D5A0BE6E177054F7306F1244F1"
"api\node_modules\@vitest\utils\dist\types.d.ts","1466","25/09/2025 17:22:46","6616C60F4017561493E3E1A3EFC95B41"
"api\node_modules\@vitest\utils\dist\types.js","1","25/09/2025 17:22:45","68B329DA9893E34099C7D8AD5CB9C940"
"api\node_modules\@vitest\utils\error.d.ts","32","25/09/2025 17:22:46","978B46C9196E9789BD03DA6B2A2A3BF0"
"api\node_modules\@vitest\utils\helpers.d.ts","34","25/09/2025 17:22:46","3644464F3812D980F0928F3501106E30"
"api\node_modules\@vitest\utils\LICENSE","1076","25/09/2025 17:22:46","4D8501E221A61D67FB727F69192B740E"
"api\node_modules\@vitest\utils\package.json","1784","25/09/2025 17:22:45","CE8C56E2D2922E92437018E6C079A4AA"
"api\node_modules\cross-env\dist\bin\cross-env-shell.d.ts","31","25/09/2025 17:22:46","8886940857C05E62F8D65D5264A0E111"
"api\node_modules\cross-env\dist\bin\cross-env-shell.js","110","25/09/2025 17:22:44","D0C173AF07B19591CDC50DD654CFEE83"
"api\node_modules\cross-env\dist\bin\cross-env.d.ts","31","25/09/2025 17:22:46","8886940857C05E62F8D65D5264A0E111"
"api\node_modules\cross-env\dist\bin\cross-env.js","93","25/09/2025 17:22:44","EE6A1331FB698BC65D9DF4FDE5642B99"
"api\node_modules\cross-env\dist\command.d.ts","427","25/09/2025 17:22:46","E0A22C19F0BBCFBA24D8BA55468015A5"
"api\node_modules\cross-env\dist\command.js","1440","25/09/2025 17:22:44","E12697A92E83D8FDA657C34FAB5AEC05"
"api\node_modules\cross-env\dist\index.d.ts","245","25/09/2025 17:22:46","1CA659BE055DEDCE560BCDBC5F3819A9"
"api\node_modules\cross-env\dist\index.js","3584","25/09/2025 17:22:45","4B1E36E0B98B5BE26737FE508335F144"
"api\node_modules\cross-env\dist\is-windows.d.ts","159","25/09/2025 17:22:46","92FD289BB4B4361E08C4379A4E59B36A"
"api\node_modules\cross-env\dist\is-windows.js","248","25/09/2025 17:22:45","98A4CFC92BC1B7F0CA0472BCFEF9476C"
"api\node_modules\cross-env\dist\variable.d.ts","326","25/09/2025 17:22:46","1DBB8DB89189DE621DE32C00E51A1B38"
"api\node_modules\cross-env\dist\variable.js","2462","25/09/2025 17:22:45","C59C609A9462377B228B3B6BD951DD61"
"api\node_modules\cross-env\LICENSE","1084","25/09/2025 17:22:44","0E075ABC06B41151622273576DE9D50B"
"api\node_modules\cross-env\package.json","2495","25/09/2025 17:22:45","BE042CAB9C6D6AC6FF4B267BB43EF1E1"
"api\node_modules\cross-env\README.md","6956","25/09/2025 17:22:45","26793263384B7E5E460858C74DE73101"
"api\node_modules\debug\.coveralls.yml","46","25/09/2025 17:22:45","55352D85883681DF5F0FA66D3F32A872"
"api\node_modules\debug\.eslintrc","180","25/09/2025 17:22:45","F69AF9893C473D8E925169156A42F70C"
"api\node_modules\debug\.npmignore","72","25/09/2025 17:22:44","B0205B7904BEF0AD0B403FBCF4F57434"
"api\node_modules\debug\.travis.yml","140","25/09/2025 17:22:46","75C6CBB25B2A5720C8663637A2678879"
"api\node_modules\debug\CHANGELOG.md","11707","25/09/2025 17:22:46","504A70C7EB9EBA0C4B26965CF4D252C6"
"api\node_modules\debug\component.json","321","25/09/2025 17:22:45","510AF4D67A35446E6DCCEA1429399C3A"
"api\node_modules\debug\karma.conf.js","1736","25/09/2025 17:22:45","06F3BABBDC43C6C4DD1493B6C1AF32E2"
"api\node_modules\debug\LICENSE","1107","25/09/2025 17:22:44","DDD815A475E7338B0BE7A14D8EE35A99"
"api\node_modules\debug\Makefile","1059","25/09/2025 17:22:45","F8739CAB4AE015EE84820716A8AC193A"
"api\node_modules\debug\node.js","40","25/09/2025 17:22:45","79F3814F32362C1C6F9DBB8A1E3B01BF"
"api\node_modules\debug\package.json","1138","25/09/2025 17:22:44","71A7656944FFE50CC27EBE02491AE49B"
"api\node_modules\debug\README.md","17918","25/09/2025 17:22:44","03694893D682191B3C893701BA6F4A55"
"api\node_modules\debug\src\browser.js","4734","25/09/2025 17:22:46","62CFEE6D6DD5FFEC5D3ED35073791AEC"
"api\node_modules\debug\src\debug.js","4394","25/09/2025 17:22:46","74BDCCF347345D27FE8A4AC3ADD99C60"
"api\node_modules\debug\src\index.js","263","25/09/2025 17:22:46","DD13897EA2EED92695BB7E4E744A9148"
"api\node_modules\debug\src\inspector-log.js","373","25/09/2025 17:22:46","B22697B673C7C3586F22AE0206258FDE"
"api\node_modules\debug\src\node.js","6015","25/09/2025 17:22:46","25807A97FBB1FCC42A013ABC7D7768C4"
"api\node_modules\express\History.md","115153","25/09/2025 17:22:46","14DFA5624D8C71B9C8297C45AA98D444"
"api\node_modules\express\index.js","224","25/09/2025 17:22:44","866E37A4D9FB8799D5415D32AC413465"
"api\node_modules\express\lib\application.js","14593","25/09/2025 17:22:44","15CF9C2F48C7BA6583C59D28908E3E27"
"api\node_modules\express\lib\express.js","2409","25/09/2025 17:22:44","D467BC485EDDF6D38278BC6B1DC16389"
"api\node_modules\express\lib\middleware\init.js","853","25/09/2025 17:22:45","3711AE7EA348D39A41C5139A63E89C12"
"api\node_modules\express\lib\middleware\query.js","885","25/09/2025 17:22:45","A6E9A6C92C5BFDD9D7B08B267A3B1D44"
"api\node_modules\express\lib\request.js","12505","25/09/2025 17:22:45","7DE9073E4CD5121EBD975F8FC252E3B3"
"api\node_modules\express\lib\response.js","28729","25/09/2025 17:22:46","44A85C36FE17A9FD688C806CCEFB6CAC"
"api\node_modules\express\lib\router\index.js","15123","25/09/2025 17:22:45","97A86CF767627BBA9B50BFFBDDA677A8"
"api\node_modules\express\lib\router\layer.js","3296","25/09/2025 17:22:45","C6E16965EF05CC02CFEE78022496ABAB"
"api\node_modules\express\lib\router\route.js","4399","25/09/2025 17:22:46","F369E8206668EED53791E8633D8B9850"
"api\node_modules\express\lib\utils.js","5871","25/09/2025 17:22:46","D0AF8049AEAE0B030CADA613FE49EF9C"
"api\node_modules\express\lib\view.js","3325","25/09/2025 17:22:46","09C05D27B2F11D1BD70FB54C24C60311"
"api\node_modules\express\LICENSE","1249","25/09/2025 17:22:44","5513C00A5C36CD361DA863DD9AA8875D"
"api\node_modules\express\package.json","2806","25/09/2025 17:22:46","7C030BA4688700F5B2B475E0645ECE9E"
"api\node_modules\express\Readme.md","9806","25/09/2025 17:22:46","110A5F03C16253A9EA952146E06A5CDF"
"api\node_modules\globals\globals.json","81428","25/09/2025 17:22:44","668A9345EEC631DD59C0881AB0B5D802"
"api\node_modules\globals\index.d.ts","109437","25/09/2025 17:22:45","EB5A1DAC9EC00BB899B1C03151841FC7"
"api\node_modules\globals\index.js","58","25/09/2025 17:22:44","3E3A6BE0A398D188E14E631562B99E8A"
"api\node_modules\globals\license","1117","25/09/2025 17:22:44","D5F2A6DD0192DCC7C833E50BB9017337"
"api\node_modules\globals\package.json","2659","25/09/2025 17:22:45","DCD9278325D8D41F40F965906B04543E"
"api\node_modules\globals\readme.md","1623","25/09/2025 17:22:45","BB659CDCC33A6C12E272B86497F4037E"
"api\node_modules\ms\index.js","2764","25/09/2025 17:22:44","AE157C9A8E70902576C2D8A06DBCDE32"
"api\node_modules\ms\license.md","1077","25/09/2025 17:22:44","FD56FD5F1860961DFA92D313167C37A6"
"api\node_modules\ms\package.json","704","25/09/2025 17:22:44","CBD55880A650B56C3D5ACDDBBDBEE9BC"
"api\node_modules\ms\readme.md","1721","25/09/2025 17:22:44","90E631C6AFCCDE3ED414D3D230734864"
"api\node_modules\pathe\dist\index.cjs","1249","25/09/2025 17:22:44","BABDCE011D0E7BF239EA7251C840CF07"
"api\node_modules\pathe\dist\index.d.cts","1901","25/09/2025 17:22:45","F75E84103741097C3B085274FEF26F4D"
"api\node_modules\pathe\dist\index.d.mts","1901","25/09/2025 17:22:46","F75E84103741097C3B085274FEF26F4D"
"api\node_modules\pathe\dist\index.d.ts","1901","25/09/2025 17:22:46","F75E84103741097C3B085274FEF26F4D"
"api\node_modules\pathe\dist\index.mjs","876","25/09/2025 17:22:45","FC06010A66B9CE0D53CCA7AFFB7B9F0D"
"api\node_modules\pathe\dist\shared\pathe.BSlhyZSM.cjs","13027","25/09/2025 17:22:44","ED29923CEC8934BF02BD94C65D87B5B5"
"api\node_modules\pathe\dist\shared\pathe.M-eThtNZ.mjs","12786","25/09/2025 17:22:46","4453234F2A51CFCC7D61B1BBEFBCCA81"
"api\node_modules\pathe\dist\utils.cjs","2521","25/09/2025 17:22:44","77AB8654F6349C49963BC7D0CB244CC3"
"api\node_modules\pathe\dist\utils.d.cts","1599","25/09/2025 17:22:45","326AD21B4155A273EECEE6DBF69270AA"
"api\node_modules\pathe\dist\utils.d.mts","1599","25/09/2025 17:22:46","326AD21B4155A273EECEE6DBF69270AA"
"api\node_modules\pathe\dist\utils.d.ts","1599","25/09/2025 17:22:46","326AD21B4155A273EECEE6DBF69270AA"
"api\node_modules\pathe\dist\utils.mjs","2406","25/09/2025 17:22:46","4816B88C7643F3870453A255C5DF3471"
"api\node_modules\pathe\LICENSE","3355","25/09/2025 17:22:44","413C6F1BE6722613009320443722E84F"
"api\node_modules\pathe\package.json","1534","25/09/2025 17:22:45","99100F779E9CDA36BD293927F17FB00F"
"api\node_modules\pathe\README.md","3048","25/09/2025 17:22:45","26BEC5F106D8601A3394D32A76BD6DD7"
"api\node_modules\pathe\utils.d.ts","30","25/09/2025 17:22:46","73C6970160E5F67685C32F68C7754A79"
"api\node_modules\picomatch\index.js","479","25/09/2025 17:22:44","E9AAE4AA1097187FBDB2CF0F0DCDE955"
"api\node_modules\picomatch\lib\constants.js","4458","25/09/2025 17:22:44","8350B1D95930A48E8F403060A1A22C07"
"api\node_modules\picomatch\lib\parse.js","27544","25/09/2025 17:22:44","3D90B0A08C522DA810BBE4D0606E7A12"
"api\node_modules\picomatch\lib\picomatch.js","9881","25/09/2025 17:22:45","DE884B0E0F5E9C91D4C3B496B6F7D01C"
"api\node_modules\picomatch\lib\scan.js","9189","25/09/2025 17:22:45","78DF8CE6F6B995A01DFC333BB137C280"
"api\node_modules\picomatch\lib\utils.js","1994","25/09/2025 17:22:45","D69657C0EFB8D0EE340260674E1E1122"
"api\node_modules\picomatch\LICENSE","1091","25/09/2025 17:22:44","ABD0E25891525EB13D5A794F550A6EE4"
"api\node_modules\picomatch\package.json","1953","25/09/2025 17:22:45","2F9052BFD906D570AB6403F777CC94D2"
"api\node_modules\picomatch\posix.js","60","25/09/2025 17:22:45","0AD45C9BD2FF257A55522AB06E3B2428"
"api\node_modules\picomatch\README.md","28608","25/09/2025 17:22:46","6FA85260D637C67F8FB82B32BF13DFE9"
"api\node_modules\tinyexec\dist\main.cjs","16245","25/09/2025 17:22:44","D2A5A4477675F65237E31184015E62A1"
"api\node_modules\tinyexec\dist\main.d.cts","2645","25/09/2025 17:22:44","4D12C7CBC61D735FCC574C1F9BFE6118"
"api\node_modules\tinyexec\dist\main.d.ts","2645","25/09/2025 17:22:45","4D12C7CBC61D735FCC574C1F9BFE6118"
"api\node_modules\tinyexec\dist\main.js","16289","25/09/2025 17:22:44","7647FEFC775CB764CA8F64FB9844C077"
"api\node_modules\tinyexec\LICENSE","1065","25/09/2025 17:22:44","3B49CFE9E2EA9E46BE03E91EFA1E56D4"
"api\node_modules\tinyexec\package.json","1601","25/09/2025 17:22:45","034F5F6F463C35947234884966E24200"
"api\node_modules\tinyexec\README.md","5596","25/09/2025 17:22:45","809F12D474E4E3CD8A4748EFD09FAB0C"
"api\node_modules\tinyrainbow\dist\browser.d.ts","311","25/09/2025 17:22:45","51D22F6ACCBA05664B344805C37B8055"
"api\node_modules\tinyrainbow\dist\browser.js","255","25/09/2025 17:22:44","64EF67E1D3C21EBE6471F5308023E1A8"
"api\node_modules\tinyrainbow\dist\chunk-BVHSVHOK.js","2231","25/09/2025 17:22:44","2139BC1A4A930CF0EFEF0ECC5C3E87D7"
"api\node_modules\tinyrainbow\dist\index-8b61d5bc.d.ts","2218","25/09/2025 17:22:45","DDBC81724450B4174F776BB9820CC013"
"api\node_modules\tinyrainbow\dist\node.d.ts","311","25/09/2025 17:22:45","51D22F6ACCBA05664B344805C37B8055"
"api\node_modules\tinyrainbow\dist\node.js","340","25/09/2025 17:22:44","779443E1330DE687241E9F9C0873FC21"
"api\node_modules\tinyrainbow\LICENCE","1065","25/09/2025 17:22:44","A926D6727FCD73352382DA7AB1C8AE3A"
"api\node_modules\tinyrainbow\package.json","869","25/09/2025 17:22:45","4CB47DA986BF5535CD883EDBF1523915"
"api\node_modules\tinyrainbow\README.md","508","25/09/2025 17:22:45","A11795A2343F1142EB1B7874D1F0F42B"
"api\node_modules\tinyspy\dist\index.d.ts","3328","25/09/2025 17:22:45","37649642196A755FCD1E5C5A2D98D06E"
"api\node_modules\tinyspy\dist\index.js","5071","25/09/2025 17:22:44","5CD2548AD04EC69D46981845478D4713"
"api\node_modules\tinyspy\LICENCE","1065","25/09/2025 17:22:44","A926D6727FCD73352382DA7AB1C8AE3A"
"api\node_modules\tinyspy\package.json","765","25/09/2025 17:22:44","CEED09698FFD1F6493682DC251095D8F"
"api\node_modules\tinyspy\README.md","498","25/09/2025 17:22:44","B859091910CA45E920253ED9679BA90F"
"api\node_modules\vite-node\dist\chunk-browser.cjs","2111","25/09/2025 17:22:44","F8CEB6B504C389D7036A1F35E3668502"
"api\node_modules\vite-node\dist\chunk-browser.mjs","2095","25/09/2025 17:22:46","C622F9541F60F35AD93B09EED54EFFA7"
"api\node_modules\vite-node\dist\chunk-hmr.cjs","7955","25/09/2025 17:22:44","870F95873E3859A4E93DF6E498DEA254"
"api\node_modules\vite-node\dist\chunk-hmr.mjs","7776","25/09/2025 17:22:46","D525C9D648751A1C3D836E9D2DD15824"
"api\node_modules\vite-node\dist\cli.cjs","5993","25/09/2025 17:22:44","05BF4A783A9792CDDF8CE6FB1CBB6829"
"api\node_modules\vite-node\dist\cli.d.ts","886","25/09/2025 17:22:47","ECA503F1446D1BEDBDDA0C650012E95C"
"api\node_modules\vite-node\dist\cli.mjs","5962","25/09/2025 17:22:46","B27969D35BE421D87F328CD70AF464E0"
"api\node_modules\vite-node\dist\client.cjs","17951","25/09/2025 17:22:44","A0589703E70B014EFD43BB7A18977F74"
"api\node_modules\vite-node\dist\client.d.ts","207","25/09/2025 17:22:47","6864EAF73FE6988A1BDEB3EB8565A522"
"api\node_modules\vite-node\dist\client.mjs","17903","25/09/2025 17:22:46","237579C80A75B052CABDB659F4ECB5B9"
"api\node_modules\vite-node\dist\constants.cjs","559","25/09/2025 17:22:45","A12A0A1915BEF48F7C4CF44F0790537A"
"api\node_modules\vite-node\dist\constants.d.ts","178","25/09/2025 17:22:47","2F928EBCEB54F56BB4B1C9B192E6075E"
"api\node_modules\vite-node\dist\constants.mjs","479","25/09/2025 17:22:46","0F86DD29318B822297AB3F90065F4BAD"
"api\node_modules\vite-node\dist\hmr.cjs","542","25/09/2025 17:22:45","AAD57E241065F859B1A7F8051D356C9C"
"api\node_modules\vite-node\dist\hmr.d.ts","2596","25/09/2025 17:22:47","1693D3CB7635F8220C91E616BF1C6752"
"api\node_modules\vite-node\dist\hmr.mjs","341","25/09/2025 17:22:46","F6E4129ADF4FE9044DCC7E099E23301D"
"api\node_modules\vite-node\dist\index.cjs","15","25/09/2025 17:22:45","1207512AB506F92D1258B295C8BF79F3"
"api\node_modules\vite-node\dist\index.d-DGmxD2U7.d.ts","10610","25/09/2025 17:22:47","2744EE6503EC98322C8C03A21CD864D4"
"api\node_modules\vite-node\dist\index.d.ts","575","25/09/2025 17:22:47","E707B45FE763F2B0CCAFEE6414CB2DC1"
"api\node_modules\vite-node\dist\index.mjs","1","25/09/2025 17:22:46","68B329DA9893E34099C7D8AD5CB9C940"
"api\node_modules\vite-node\dist\server.cjs","18958","25/09/2025 17:22:45","70536033B0521BA5025040460294D340"
"api\node_modules\vite-node\dist\server.d.ts","2494","25/09/2025 17:22:47","34AA3652778F323B750D4A64C83647E9"
"api\node_modules\vite-node\dist\server.mjs","18289","25/09/2025 17:22:47","785B2FB389A2A5FCBE8B5FF7E4F4F537"
"api\node_modules\vite-node\dist\source-map.cjs","35603","25/09/2025 17:22:45","69DF505CAA467FACE81C1451025F29B5"
"api\node_modules\vite-node\dist\source-map.d.ts","626","25/09/2025 17:22:47","02AAE22356EA285B26893A9F23DEDB72"
"api\node_modules\vite-node\dist\source-map.mjs","35529","25/09/2025 17:22:47","0A0E47195A4460C06DD6D0B953413280"
"api\node_modules\vite-node\dist\trace-mapping.d-DLVdEqOp.d.ts","1945","25/09/2025 17:22:47","41762871FC62E5E5E989C7D6F7B3E225"
"api\node_modules\vite-node\dist\types.cjs","15","25/09/2025 17:22:46","1207512AB506F92D1258B295C8BF79F3"
"api\node_modules\vite-node\dist\types.d.ts","575","25/09/2025 17:22:47","FA963A20A25627E09C2D1E19AE2AA7E7"
"api\node_modules\vite-node\dist\types.mjs","1","25/09/2025 17:22:47","68B329DA9893E34099C7D8AD5CB9C940"
"api\node_modules\vite-node\dist\utils.cjs","7554","25/09/2025 17:22:46","A1309C14663AA7ADDBAF465914DD3276"
"api\node_modules\vite-node\dist\utils.d.ts","1587","25/09/2025 17:22:47","1E782546D38F185D290A7994D2BB8CDF"
"api\node_modules\vite-node\dist\utils.mjs","7111","25/09/2025 17:22:47","6A2B8D8EDA751FE771EAEACEB3410D18"
"api\node_modules\vite-node\LICENSE","1076","25/09/2025 17:22:47","4D8501E221A61D67FB727F69192B740E"
"api\node_modules\vite-node\node_modules\debug\LICENSE","1139","25/09/2025 17:22:44","D85A365580888E9EE0A01FB53E8E9BF0"
"api\node_modules\vite-node\node_modules\debug\package.json","1479","25/09/2025 17:22:45","04ABCA7A5ECFA48EBC75648EBA78ECD6"
"api\node_modules\vite-node\node_modules\debug\README.md","22115","25/09/2025 17:22:45","8F734FE8FC520ABE8A352C4F76B71ADE"
"api\node_modules\vite-node\node_modules\debug\src\browser.js","6103","25/09/2025 17:22:44","0379D4F4B4C4A36721C192CFE5AADD58"
"api\node_modules\vite-node\node_modules\debug\src\common.js","6915","25/09/2025 17:22:44","25703431FEDAE07CD6AADEA57B2DDC3A"
"api\node_modules\vite-node\node_modules\debug\src\index.js","314","25/09/2025 17:22:44","D6C53F5A0DD8F256D91210AD530A2F3E"
"api\node_modules\vite-node\node_modules\debug\src\node.js","4728","25/09/2025 17:22:45","29E5634A253DB67E7F6B24318EBA115B"
"api\node_modules\vite-node\node_modules\ms\index.js","3024","25/09/2025 17:22:44","83C46187ED7B1E33A178F4C531C4EA81"
"api\node_modules\vite-node\node_modules\ms\license.md","1079","25/09/2025 17:22:44","2B8BC52AE6B7BA58E1629DEABD53986F"
"api\node_modules\vite-node\node_modules\ms\package.json","732","25/09/2025 17:22:44","A682078F64A677DDAD1F50307A14B678"
"api\node_modules\vite-node\node_modules\ms\readme.md","1886","25/09/2025 17:22:44","1E31F4878F79731FEAE6D1BCC2F1CA7A"
"api\node_modules\vite-node\package.json","2390","25/09/2025 17:22:46","70D9FCCBC750E5E3B1918262A893B5B3"
"api\node_modules\vite-node\README.md","5306","25/09/2025 17:22:46","2A6E6B18E91CADB490539ADE0FEF64F3"
"api\node_modules\vite-node\vite-node.mjs","45","25/09/2025 17:22:47","1C492ACC817194609E202F7D049B380D"
"api\node_modules\vitest\browser.d.ts","34","25/09/2025 17:22:49","51712BF6A709043AB8AAD1F3BB29604E"
"api\node_modules\vitest\config.d.ts","119","25/09/2025 17:22:49","1E2412691194D31CD40B0574B8DE1B53"
"api\node_modules\vitest\coverage.d.ts","35","25/09/2025 17:22:49","C5C9EF8DFC0D851C81E567D13517B675"
"api\node_modules\vitest\dist\browser.d.ts","1949","25/09/2025 17:22:49","5E98CE75FE8E76BEC9027420F80AEAFB"
"api\node_modules\vitest\dist\browser.js","572","25/09/2025 17:22:45","5774A7A36854D73F3744B9851806BE57"
"api\node_modules\vitest\dist\chunks\_commonjsHelpers.BFTU3MAI.js","398","25/09/2025 17:22:45","F3A16E9580666AF7226A716BAF6430D8"
"api\node_modules\vitest\dist\chunks\base.DfmxU-tU.js","1383","25/09/2025 17:22:45","ED4A7AFF240AEEEFB554F40A6A41B2EE"
"api\node_modules\vitest\dist\chunks\benchmark.CYdenmiT.js","1262","25/09/2025 17:22:45","174B501815149CBAFB216516FB5B5A1D"
"api\node_modules\vitest\dist\chunks\benchmark.d.BwvBVTda.d.ts","814","25/09/2025 17:22:49","DBFCBF252F49BC244D2C4DC2FFA6503B"
"api\node_modules\vitest\dist\chunks\cac.Cb-PYCCB.js","52697","25/09/2025 17:22:45","9F7E08D907450B3BFF149F02163631A3"
"api\node_modules\vitest\dist\chunks\cli-api.BkDphVBG.js","339261","25/09/2025 17:22:46","A910D561227396B4E5582038FB0D3246"
"api\node_modules\vitest\dist\chunks\config.d.D2ROskhv.d.ts","5696","25/09/2025 17:22:49","CB366CF85BFB00E752755F2631FD9DC9"
"api\node_modules\vitest\dist\chunks\console.CtFJOzRO.js","4771","25/09/2025 17:22:46","9AFBE574846CFF42A6AF2F7B45146260"
"api\node_modules\vitest\dist\chunks\constants.DnKduX2e.js","1183","25/09/2025 17:22:46","033D1C5D19ACD6E819113D0A176CAB46"
"api\node_modules\vitest\dist\chunks\coverage.d.S9RMNXIe.d.ts","1006","25/09/2025 17:22:49","E83A74F27544422E3934E278EC83D18B"
"api\node_modules\vitest\dist\chunks\coverage.DL5VHqXY.js","147818","25/09/2025 17:22:47","7710D79484915D5F5DBF781AE95E08F8"
"api\node_modules\vitest\dist\chunks\coverage.DVF1vEu8.js","1197","25/09/2025 17:22:47","08EE15CE43C62AE1A2B8CD505660825A"
"api\node_modules\vitest\dist\chunks\creator.GK6I-cL4.js","18035","25/09/2025 17:22:47","99CDDD6AEFB51944630539ADDAA2EBF1"
"api\node_modules\vitest\dist\chunks\date.Bq6ZW5rf.js","2364","25/09/2025 17:22:47","68CCBC8994B3A7B44EAD8B9FE815BA13"
"api\node_modules\vitest\dist\chunks\defaults.B7q_naMc.js","2919","25/09/2025 17:22:47","527C2F9819DE58FDE21CFCA3D0627929"
"api\node_modules\vitest\dist\chunks\env.D4Lgay0q.js","433","25/09/2025 17:22:47","AFDF2D125A488DE15EE4D303F48C7ACA"
"api\node_modules\vitest\dist\chunks\environment.d.cL3nLXbE.d.ts","3800","25/09/2025 17:22:49","96382C88E65AD43888C3C57E2FC6E827"
"api\node_modules\vitest\dist\chunks\execute.B7h3T_Hc.js","24610","25/09/2025 17:22:47","07FBB279D878586988DCAC6984D91C36"
"api\node_modules\vitest\dist\chunks\git.BVQ8w_Sw.js","1650","25/09/2025 17:22:47","2D21E521F6B34C5D2587F9192EA5D7DC"
"api\node_modules\vitest\dist\chunks\global.d.MAmajcmJ.d.ts","4179","25/09/2025 17:22:49","60C62DD2E3EC6CBD8F476625A6CFA356"
"api\node_modules\vitest\dist\chunks\globals.DEHgCU4V.js","723","25/09/2025 17:22:47","1526EBD7DA2CB3D02708C984C3ACF118"
"api\node_modules\vitest\dist\chunks\index.B521nVV-.js","4599","25/09/2025 17:22:47","FEF57161D21C120B3AEF6EAED485C31B"
"api\node_modules\vitest\dist\chunks\index.BCWujgDG.js","8332","25/09/2025 17:22:47","E709D660C8E0215ED914B089A1CB2C71"
"api\node_modules\vitest\dist\chunks\index.CdQS2e2Q.js","1115","25/09/2025 17:22:47","D9848190E0033E11EC1EE69A30255762"
"api\node_modules\vitest\dist\chunks\index.CmSc2RE5.js","14960","25/09/2025 17:22:47","5CEAA35BED40D84679B190707CDA68B5"
"api\node_modules\vitest\dist\chunks\index.CwejwG0H.js","4554","25/09/2025 17:22:47","CF58CC1C1AF583D78163C7DA02633A79"
"api\node_modules\vitest\dist\chunks\index.D3XRDfWc.js","6237","25/09/2025 17:22:47","94A2A3E0A194220441A8FBBC916C5D2C"
"api\node_modules\vitest\dist\chunks\index.VByaPkjc.js","80849","25/09/2025 17:22:48","0EC2BB2CE7CD2D8CD27D53572D5140EB"
"api\node_modules\vitest\dist\chunks\index.X0nbfr6-.js","181053","25/09/2025 17:22:48","D0423A8417E6373C0DA53B8B1F762D07"
"api\node_modules\vitest\dist\chunks\inspector.C914Efll.js","2023","25/09/2025 17:22:48","2ED175504C01B76F4DDFC192C58CB6C7"
"api\node_modules\vitest\dist\chunks\mocker.d.BE_2ls6u.d.ts","527","25/09/2025 17:22:49","9D288F2B0F8C03FD39A464EEC5859037"
"api\node_modules\vitest\dist\chunks\node.fjCdwEIl.js","490","25/09/2025 17:22:48","C05B56CE40E30E66C694B0FF6F1FE762"
"api\node_modules\vitest\dist\chunks\reporters.d.BFLkQcL6.d.ts","99660","25/09/2025 17:22:49","AB7FC70EF5FBDFF442B1E0EFD4AAF7FE"
"api\node_modules\vitest\dist\chunks\rpc.-pEldfrD.js","2672","25/09/2025 17:22:48","272196D77C3091777E7A7B0B351D768D"
"api\node_modules\vitest\dist\chunks\runBaseTests.9Ij9_de-.js","5198","25/09/2025 17:22:48","128CE5F96973D44D1C1FC073301A02EF"
"api\node_modules\vitest\dist\chunks\setup-common.Dd054P77.js","2999","25/09/2025 17:22:48","385C195301ED424C04FB05C026C9B465"
"api\node_modules\vitest\dist\chunks\suite.d.FvehnV49.d.ts","398","25/09/2025 17:22:49","FE3C8A445FC247F7449CC7BDC5ED2D87"
"api\node_modules\vitest\dist\chunks\typechecker.DRKU1-1g.js","27092","25/09/2025 17:22:48","E13BEC1E6D3AC9E2F8D3C780823C6F26"
"api\node_modules\vitest\dist\chunks\utils.CAioKnHs.js","1966","25/09/2025 17:22:48","5F79A09D6F811A9F00B623E540F1A370"
"api\node_modules\vitest\dist\chunks\utils.XdZDrNZV.js","2315","25/09/2025 17:22:48","33F0B1B405EA17D8A6BA9BF7792E78AC"
"api\node_modules\vitest\dist\chunks\vi.bdSIJ99Y.js","137333","25/09/2025 17:22:48","085074F2F1E1848DCF13C4E70674150F"
"api\node_modules\vitest\dist\chunks\vite.d.CMLlLIFP.d.ts","705","25/09/2025 17:22:49","3EB9219F2BD4801B9FBF1B3B2F2A4AC9"
"api\node_modules\vitest\dist\chunks\vm.BThCzidc.js","28207","25/09/2025 17:22:48","FA7D48D5AD785C321B64C38B1C5B3737"
"api\node_modules\vitest\dist\chunks\worker.d.1GmBbd7G.d.ts","6172","25/09/2025 17:22:49","76691323F3B1A02FFB05CD8B1F3E528C"
"api\node_modules\vitest\dist\chunks\worker.d.CKwWzBSj.d.ts","214","25/09/2025 17:22:49","8648AED195E1FF5CCCEE9BC8D687E1BD"
"api\node_modules\vitest\dist\cli.js","669","25/09/2025 17:22:46","CD6EAF0DAB64744D9E7B06A00BC049A5"
"api\node_modules\vitest\dist\config.cjs","3886","25/09/2025 17:22:44","CA31CA5956F26DFCC11137259D2F706F"
"api\node_modules\vitest\dist\config.d.ts","4007","25/09/2025 17:22:49","7FA62C42D83F88EEE7A2D3B22C771337"
"api\node_modules\vitest\dist\config.js","629","25/09/2025 17:22:46","9796765EFE52D38A2D0608E646513B3A"
"api\node_modules\vitest\dist\coverage.d.ts","4065","25/09/2025 17:22:49","7ACB4278D460C2132E7B40257EBCBB45"
"api\node_modules\vitest\dist\coverage.js","902","25/09/2025 17:22:47","0C1EBC0923C70BFF77DBB0109EE8E49C"
"api\node_modules\vitest\dist\environments.d.ts","907","25/09/2025 17:22:49","D69653608EC88EF8B3FD956FA56BC29D"
"api\node_modules\vitest\dist\environments.js","115","25/09/2025 17:22:47","DDC3E3CD84C1BDAEDAD74D0D42B920FD"
"api\node_modules\vitest\dist\execute.d.ts","5644","25/09/2025 17:22:49","5640ECB34105056C82E7D2CCF1E5D4D7"
"api\node_modules\vitest\dist\execute.js","333","25/09/2025 17:22:47","D3FC9D044F9D8DF61B24CE2FAE3AF1FD"
"api\node_modules\vitest\dist\index.d.ts","32292","25/09/2025 17:22:49","BACE9E3237842386558982D82E811ED8"
"api\node_modules\vitest\dist\index.js","811","25/09/2025 17:22:48","D2B6C30766ECF6A1DAD884DE97E49715"
"api\node_modules\vitest\dist\mocker.d.ts","32","25/09/2025 17:22:49","CDBCE8CBA203D3AECF87AC5E47C3FED5"
"api\node_modules\vitest\dist\mocker.js","32","25/09/2025 17:22:48","CDBCE8CBA203D3AECF87AC5E47C3FED5"
"api\node_modules\vitest\dist\node.d.ts","8731","25/09/2025 17:22:49","3AB884E3F5DB5B9442C5BABE6250F0A6"
"api\node_modules\vitest\dist\node.js","3925","25/09/2025 17:22:48","BBD262C67A2371A461D9571F5F81156E"
"api\node_modules\vitest\dist\path.js","242","25/09/2025 17:22:48","F9705D17BA0BFF907E2ED897713E2A36"
"api\node_modules\vitest\dist\reporters.d.ts","1335","25/09/2025 17:22:49","6E7E6A4FC33962CAFA6379A2413A9621"
"api\node_modules\vitest\dist\reporters.js","901","25/09/2025 17:22:48","B65DCCEAE7215080C0C7C88FE4FCB12C"
"api\node_modules\vitest\dist\runners.d.ts","1750","25/09/2025 17:22:49","30746605C4349BD9242E55CFBE30EDA3"
"api\node_modules\vitest\dist\runners.js","8758","25/09/2025 17:22:48","ECE9A350C85D8B3AE368173E7F1EA5AE"
"api\node_modules\vitest\dist\snapshot.d.ts","364","25/09/2025 17:22:49","CE3299DBF61243D5C870594E694755D9"
"api\node_modules\vitest\dist\snapshot.js","204","25/09/2025 17:22:48","BADD6D4A690ACB2500296A34B6F2C618"
"api\node_modules\vitest\dist\spy.js","29","25/09/2025 17:22:48","62D9E308A3FEA1BC364952CAA6298EB4"
"api\node_modules\vitest\dist\suite.d.ts","360","25/09/2025 17:22:49","744437574A068B4D156EB443DA446849"
"api\node_modules\vitest\dist\suite.js","326","25/09/2025 17:22:48","7D5DEBFDA5E59DBECF059D72C098DD27"
"api\node_modules\vitest\dist\worker.js","5574","25/09/2025 17:22:48","FC58AA4FA269F8AFB2BEB3E6A498FEA4"
"api\node_modules\vitest\dist\workers.d.ts","1915","25/09/2025 17:22:49","A341A1C9B8A4C6581E1EDF38A4AD91D7"
"api\node_modules\vitest\dist\workers.js","1097","25/09/2025 17:22:48","9DBC722C7644E3570854427C995188FE"
"api\node_modules\vitest\dist\workers\forks.js","1176","25/09/2025 17:22:47","4C18A72960F81762DDC6AD57F7FE8971"
"api\node_modules\vitest\dist\workers\runVmTests.js","3605","25/09/2025 17:22:48","463239AD501213B914E47E353EAB9ECC"
"api\node_modules\vitest\dist\workers\threads.js","774","25/09/2025 17:22:48","C704A03791DC0583775BBA0573EF66D7"
"api\node_modules\vitest\dist\workers\vmForks.js","1215","25/09/2025 17:22:48","868F64B1D413A0B971205A3F1CDD8784"
"api\node_modules\vitest\dist\workers\vmThreads.js","936","25/09/2025 17:22:48","D574E736E79604AB4DFD285CDB435668"
"api\node_modules\vitest\environments.d.ts","36","25/09/2025 17:22:49","570F8CA1A3B593E074E79F082CE114C9"
"api\node_modules\vitest\execute.d.ts","34","25/09/2025 17:22:49","8A0E196DA49BB1E9B8D7655A7006B087"
"api\node_modules\vitest\globals.d.ts","933","25/09/2025 17:22:49","58746975B9EA2BF5F08992FF9F079313"
"api\node_modules\vitest\import-meta.d.ts","249","25/09/2025 17:22:49","E8320BD050267A88559F504C1B7F7296"
"api\node_modules\vitest\importMeta.d.ts","83","25/09/2025 17:22:49","D84AF0650646530B45E823CD9C3EBF35"
"api\node_modules\vitest\index.cjs","412","25/09/2025 17:22:44","D50C40B318D3B35CF839A51E73DE0A7D"
"api\node_modules\vitest\index.d.cts","32","25/09/2025 17:22:44","DD21EAC840F103440E21FBBA12D8481A"
"api\node_modules\vitest\jsdom.d.ts","86","25/09/2025 17:22:49","A7E5D1A382F80CA2E2B629BC34F9677F"
"api\node_modules\vitest\LICENSE.md","34974","25/09/2025 17:22:48","262C57F3D2876C7E4FA116E5CBA256E4"
"api\node_modules\vitest\mocker.d.ts","33","25/09/2025 17:22:49","76D9708A31915F69AC3DEEBA329AD3C6"
"api\node_modules\vitest\node_modules\debug\LICENSE","1139","25/09/2025 17:22:44","D85A365580888E9EE0A01FB53E8E9BF0"
"api\node_modules\vitest\node_modules\debug\package.json","1479","25/09/2025 17:22:45","04ABCA7A5ECFA48EBC75648EBA78ECD6"
"api\node_modules\vitest\node_modules\debug\README.md","22115","25/09/2025 17:22:45","8F734FE8FC520ABE8A352C4F76B71ADE"
"api\node_modules\vitest\node_modules\debug\src\browser.js","6103","25/09/2025 17:22:44","0379D4F4B4C4A36721C192CFE5AADD58"
"api\node_modules\vitest\node_modules\debug\src\common.js","6915","25/09/2025 17:22:44","25703431FEDAE07CD6AADEA57B2DDC3A"
"api\node_modules\vitest\node_modules\debug\src\index.js","314","25/09/2025 17:22:44","D6C53F5A0DD8F256D91210AD530A2F3E"
"api\node_modules\vitest\node_modules\debug\src\node.js","4728","25/09/2025 17:22:45","29E5634A253DB67E7F6B24318EBA115B"
"api\node_modules\vitest\node_modules\ms\index.js","3024","25/09/2025 17:22:44","83C46187ED7B1E33A178F4C531C4EA81"
"api\node_modules\vitest\node_modules\ms\license.md","1079","25/09/2025 17:22:44","2B8BC52AE6B7BA58E1629DEABD53986F"
"api\node_modules\vitest\node_modules\ms\package.json","732","25/09/2025 17:22:44","A682078F64A677DDAD1F50307A14B678"
"api\node_modules\vitest\node_modules\ms\readme.md","1886","25/09/2025 17:22:44","1E31F4878F79731FEAE6D1BCC2F1CA7A"
"api\node_modules\vitest\node.d.ts","31","25/09/2025 17:22:49","CD332CD3813A9200EF99451607051478"
"api\node_modules\vitest\optional-types.d.ts","194","25/09/2025 17:22:49","8E48FC74212A57552C78B9C46F5D0884"
"api\node_modules\vitest\package.json","5029","25/09/2025 17:22:48","C85ED6EBA8C327E9E091529ACB17AA67"
"api\node_modules\vitest\README.md","261","25/09/2025 17:22:48","C6E22813C349B3140B96EE9F67EB2D9D"
"api\node_modules\vitest\reporters.d.ts","36","25/09/2025 17:22:49","7013C7111C5274B1C9DFD383A5370124"
"api\node_modules\vitest\runners.d.ts","34","25/09/2025 17:22:49","05081A84DCFEE698F2F19D2A69CC8466"
"api\node_modules\vitest\snapshot.d.ts","35","25/09/2025 17:22:49","54E37C9376FF11A7D064D32D8C674229"
"api\node_modules\vitest\suite.d.ts","32","25/09/2025 17:22:49","B11AA333D6EADFBA13F6D5AF0E604D98"
"api\node_modules\vitest\suppress-warnings.cjs","780","25/09/2025 17:22:44","1D138E1EE41E7162D8C4212E43A41099"
"api\node_modules\vitest\utils.d.ts","32","25/09/2025 17:22:49","135D3E1F9CA89DCFDFC595301AF0ED18"
"api\node_modules\vitest\vitest.mjs","43","25/09/2025 17:22:49","DD092C1CA836005E2D1DF0945202C641"
"api\node_modules\vitest\workers.d.ts","34","25/09/2025 17:22:49","E0331E2B52171346B3495281F3AA6FE6"
"api\package-lock.json","347804","23/09/2025 17:44:02","1443072CE1D75A7C0FB88B111E3E346F"
"api\package.json","2980","25/09/2025 17:27:02","9CC422E197BAE064B07E4E0434D44E9A"
"api\package.json.bak_lintfix","2979","25/09/2025 17:26:32","FB0A5D6ED95016C10FC6B4AE79A7BCDD"
"api\package.json.bak_maxwarnings","3009","24/09/2025 20:23:50","88CBDF64523292ABFDA3E9805345C948"
"api\prettier.config.cjs","138","25/09/2025 17:34:19","8117F7134E929A5E298E1F11E80571AA"
"api\prisma\migrations\20250921012243_init\migration.sql","17296","23/09/2025 10:00:42","CB3CEB397BC5639187301192C380A48F"
"api\prisma\migrations\20250921105815_rental_end_date_nullable\migration.sql","73","23/09/2025 10:00:42","5BC40EBAB814BA01A38258F0E777987C"
"api\prisma\migrations\9999_open_rental_guard.sql","193","23/09/2025 10:00:42","E208902351CEF2D2D96F91C47F0BE9D1"
"api\prisma\migrations\migration_lock.toml","126","23/09/2025 10:00:42","22E891180C52626AC6C69B6CF29B3230"
"api\prisma\schema.prisma","11669","23/09/2025 10:00:42","5D7E48C753999309D30AFA15BE186E1D"
"api\scripts\seed_minimo.js","1757","25/09/2025 17:34:19","F4F7F3BD1F9921972E84C61508983839"
"api\scripts\seed.js","6030","25/09/2025 17:34:19","8A36D58A455C20616DDCF6B117116108"
"api\src\http\app.ts","1097","24/09/2025 05:48:23","350A2477BB16C207B759C6C1109A3362"
"api\src\http\auth.ts","1067","24/09/2025 08:26:33","1EB3CF54E0B98E0C3925A3FFDEDF102B"
"api\src\http\clients.ts","302","24/09/2025 08:26:33","E77651F8B14C317CF80F418AE0BBBB2F"
"api\src\http\finance.ts","1281","24/09/2025 08:26:33","B1E41F032A82B5AD1AB2416588076C7E"
"api\src\http\health.ts","221","24/09/2025 08:26:33","2CDA91F40DA1B0B5EBCE7AC1399BA222"
"api\src\http\incidents.ts","1516","24/09/2025 08:26:33","57B4D8640E72B931A807564C5209009C"
"api\src\http\insurance.policies.ts","1098","24/09/2025 08:26:33","30F5C903F7CF8E73E9BBD1AAE8DA7F12"
"api\src\http\insurers.ts","1161","24/09/2025 08:26:33","3380010D981B5A8A98F9D9F1F9525CBD"
"api\src\http\notifications.ts","1076","24/09/2025 08:26:33","15BDC7BC31B5C653DF6A28D23E8BE42A"
"api\src\http\routes.ts","862","24/09/2025 08:26:33","FA5AECB60864B4F1FCACD260C77F3A6E"
"api\src\http\version.ts","503","24/09/2025 08:26:33","7B17152F42937874BA3EF2BCB621D970"
"api\src\http\webhooks.ts","913","24/09/2025 08:26:33","13D08AB0DE88884C7F075B7B5D37FF01"
"api\src\index.ts","1825","23/09/2025 10:00:42","4C2B4354537253C4963CFE923F114090"
"api\src\middleware\auth.ts","674","23/09/2025 10:00:42","4EC8619689700C1F05FAC16378D6E29F"
"api\src\middleware\authMiddleware.ts","74","23/09/2025 10:00:42","145A06ABEB668AA1C1D2049ED4585097"
"api\src\middleware\errorHandler.ts","999","24/09/2025 08:09:21","66B281844C754695AF1C4B9565D8626C"
"api\src\middleware\tenantMiddleware.ts","833","24/09/2025 08:09:21","DF1E0918423F5BE2DBC06F708DFCF534"
"api\src\routes\clients.ts","899","24/09/2025 08:26:33","624002F6CE8ACD8AFE6BB80E59D001F2"
"api\src\routes\dashboard.ts","1140","24/09/2025 08:26:33","C8B6F5E78DFB7227F27C13D428B9401E"
"api\src\routes\maintenanceOrders.ts","881","24/09/2025 08:26:33","794064FE041B0DDB53DC0CF30E195FF2"
"api\src\routes\rentals.ts","3038","24/09/2025 08:26:33","60BD77CC533933451FED4EA1FBE78677"
"api\src\routes\vehicles.ts","652","24/09/2025 08:26:33","EDF3B1525765423044441A4C4B1A2ABF"
"api\src\server.ts","223","24/09/2025 05:48:23","D046182062C979F46B6B40014B721FF5"
"api\src\server.ts.bak","153","24/09/2025 05:48:23","6D44FBCF1A9663A871C2847F7E11F2AA"
"api\src\services\clients.ts","222","23/09/2025 10:00:42","A8368D87B7700289D0F6A025410E2731"
"api\src\services\notificationService.ts","379","24/09/2025 08:09:21","FC653F9BE614C1ED0755774640B229E5"
"api\src\services\prisma.ts","89","23/09/2025 10:00:42","D46CB498D8265C61F359EAC721F3B93D"
"api\src\types\ambient.d.ts","96","23/09/2025 10:00:42","3E2DB6D5A8EAAEC9B0AD34283D1CBC73"
"api\src\utils\math.ts","62","23/09/2025 10:00:42","E8F48645D5E1072CE6255A639647E1FB"
"api\tests\http.app.smoke.test.ts","307","24/09/2025 05:48:23","1B3883C72D990B69CE98742EFC2DF378"
"api\tests\http.clients.test.ts","1270","24/09/2025 05:48:23","185D1D42A274A6658580C2A5B1EEB57B"
"api\tests\http.health.test.ts","335","24/09/2025 05:48:23","B3F1EA44DEB8B49BCC49DC0F2952BA8B"
"api\tests\http.version.test.ts","589","24/09/2025 05:48:23","7F4CC3A3E7D58188318E35B703A0ED75"
"api\tests\math.test.ts","175","23/09/2025 10:00:42","8CAF21264E8588FD0D55F9D51EACAD2A"
"api\tests\middleware.auth.test.ts","862","23/09/2025 10:00:42","DFE99271FB6A9F4776914A1E3CC461C3"
"api\tests\smoke.test.ts","133","23/09/2025 10:00:42","2C5A1B9558B73FE7482E8AF778397083"
"api\tests\vitest.setup.ts","4205","23/09/2025 13:28:57","98D26C4490F7717067E5AFCD87832BE9"
"api\tsconfig.eslint.json","121","24/09/2025 08:26:30","9D8667F09161D3707E71E9480E090AFD"
"api\tsconfig.json","550","25/09/2025 17:32:35","A0B213A8B5C3136F478907D79BA95B59"
"api\tsconfig.json.bak_eslint_ts","477","23/09/2025 10:00:42","34EBD5130878AE6C466F48B31DD9AF59"
"api\vitest.config.ts","849","23/09/2025 13:28:57","099C947A6B9BAC3982483D1F8C481D3B"
